CourseID,TutorID,LocationID,TotalHour,SchoolYear,CreatedAt,UpdatedAt,IsDeleted
1,5,3,1800,2019/2020,2019-09-01,2020-05-24,0
2,12,3,1800,2021/2022,2021-09-01,2022-05-27,0
3,15,1,1800,2022/2023,2022-09-13,2023-02-04,0
4,10,3,1800,2023/2024,2023-09-03,2024-02-07,0
5,13,2,1800,2021/2022,2021-09-14,2022-03-09,0
6,10,1,1800,2019/2020,2019-09-06,2020-04-15,0
7,14,1,1800,2024/2025,2024-09-04,2025-03-22,0
8,1,1,1800,2024/2025,2024-09-14,2025-06-25,0
9,8,1,1800,2022/2023,2022-09-07,2023-04-18,0
10,2,2,1800,2024/2025,2024-09-01,2025-06-06,0
11,14,1,1800,2022/2023,2022-09-11,2023-03-19,0
12,4,3,1800,2023/2024,2023-09-15,2024-01-08,0
13,15,1,1800,2023/2024,2023-09-08,2024-03-02,0
14,10,3,1800,2024/2025,2024-09-15,2025-03-18,0
15,4,3,1800,2019/2020,2019-09-03,2020-03-01,0
16,7,1,1800,2020/2021,2020-09-13,2021-06-27,0
17,10,2,1800,2021/2022,2021-09-03,2022-05-08,0
18,7,3,1800,2024/2025,2024-09-15,2025-05-11,0
19,2,3,1800,2020/2021,2020-09-13,2021-06-24,0
20,7,1,1800,2024/2025,2024-09-06,2025-01-04,0
21,10,3,1800,2019/2020,2019-09-06,2020-05-25,0
22,11,2,1800,2022/2023,2022-09-13,2023-03-01,0
23,9,2,1800,2022/2023,2022-09-08,2023-02-12,0
24,11,2,1800,2022/2023,2022-09-03,2023-06-19,0
25,13,1,1800,2019/2020,2019-09-13,2020-05-10,0
26,3,2,1800,2024/2025,2024-09-02,2025-01-09,0
27,12,2,1800,2024/2025,2024-09-13,2025-06-05,0
28,5,2,1800,2021/2022,2021-09-02,2022-01-01,0
29,3,1,1800,2021/2022,2021-09-13,2022-03-04,0
30,9,3,1800,2020/2021,2020-09-07,2021-04-18,0
31,6,3,1800,2022/2023,2022-09-02,2023-01-03,0
32,6,2,1800,2019/2020,2019-09-10,2020-05-26,0
33,13,1,1800,2019/2020,2019-09-05,2020-04-13,0
34,10,3,1800,2024/2025,2024-09-15,2025-05-08,0
35,3,2,1800,2020/2021,2020-09-11,2021-04-06,0
36,2,1,1800,2021/2022,2021-09-05,2022-04-05,0
37,8,1,1800,2022/2023,2022-09-05,2023-04-10,0
38,11,2,1800,2021/2022,2021-09-05,2022-02-24,0
39,2,1,1800,2023/2024,2023-09-10,2024-02-15,0
40,14,3,1800,2021/2022,2021-09-01,2022-04-11,0
41,6,2,1800,2022/2023,2022-09-13,2023-03-15,0
42,6,3,1800,2024/2025,2024-09-10,2025-02-10,0
43,3,2,1800,2024/2025,2024-09-04,2025-04-11,0
44,11,2,1800,2021/2022,2021-09-05,2022-06-23,0
45,7,2,1800,2023/2024,2023-09-13,2024-02-11,0
46,4,3,1800,2022/2023,2022-09-06,2023-01-19,0
47,9,1,1800,2023/2024,2023-09-03,2024-06-25,0
48,8,2,1800,2024/2025,2024-09-08,2025-06-07,0
49,11,2,1800,2022/2023,2022-09-11,2023-04-05,0
50,12,2,1800,2020/2021,2020-09-05,2021-06-05,0
51,8,3,1800,2022/2023,2022-09-02,2023-04-20,0
52,12,2,1800,2022/2023,2022-09-09,2023-05-28,0
53,15,3,1800,2023/2024,2023-09-01,2024-03-23,0
54,11,2,1800,2019/2020,2019-09-13,2020-02-22,0
55,10,3,1800,2020/2021,2020-09-11,2021-05-02,0
56,6,2,1800,2024/2025,2024-09-11,2025-04-25,0
57,4,3,1800,2019/2020,2019-09-01,2020-01-09,0
58,12,3,1800,2024/2025,2024-09-09,2025-05-19,0
59,8,3,1800,2020/2021,2020-09-08,2021-03-13,0
60,2,2,1800,2020/2021,2020-09-06,2021-01-16,0
61,14,3,1800,2022/2023,2022-09-15,2023-01-04,0
62,8,1,1800,2020/2021,2020-09-06,2021-03-11,0
63,2,2,1800,2023/2024,2023-09-08,2024-03-16,0
64,2,2,1800,2024/2025,2024-09-12,2025-04-11,0
65,1,2,1800,2019/2020,2019-09-13,2020-06-04,0
66,3,3,1800,2024/2025,2024-09-02,2025-06-26,0
67,3,2,1800,2020/2021,2020-09-09,2021-02-18,0
68,13,2,1800,2023/2024,2023-09-07,2024-04-08,0
69,11,2,1800,2024/2025,2024-09-03,2025-02-21,0
70,15,1,1800,2022/2023,2022-09-01,2023-06-20,0
71,1,3,1800,2022/2023,2022-09-10,2023-04-13,0
72,12,1,1800,2020/2021,2020-09-04,2021-03-25,0
73,6,2,1800,2023/2024,2023-09-02,2024-05-06,0
74,11,2,1800,2020/2021,2020-09-08,2021-01-09,0
75,7,3,1800,2023/2024,2023-09-11,2024-03-20,0
76,6,2,1800,2022/2023,2022-09-10,2023-01-12,0
77,13,2,1800,2023/2024,2023-09-03,2024-06-23,0
78,3,2,1800,2023/2024,2023-09-10,2024-01-22,0
79,3,2,1800,2019/2020,2019-09-04,2020-03-04,0
80,7,3,1800,2024/2025,2024-09-03,2025-05-13,0
81,3,2,1800,2020/2021,2020-09-10,2021-04-14,0
82,15,1,1800,2024/2025,2024-09-09,2025-06-21,0
83,3,1,1800,2023/2024,2023-09-03,2024-04-10,0
84,1,2,1800,2021/2022,2021-09-14,2022-04-20,0
85,14,2,1800,2019/2020,2019-09-08,2020-02-07,0
86,7,3,1800,2023/2024,2023-09-09,2024-06-16,0
87,8,2,1800,2022/2023,2022-09-07,2023-06-27,0
88,13,1,1800,2020/2021,2020-09-02,2021-05-01,0
89,9,2,1800,2021/2022,2021-09-01,2022-03-08,0
90,12,2,1800,2020/2021,2020-09-13,2021-04-19,0
91,2,2,1800,2023/2024,2023-09-09,2024-01-19,0
92,14,1,1800,2023/2024,2023-09-14,2024-03-18,0
