EnrollmentID,StudentID,CourseID,EnrollmentDate,CompletionDate,IsDeleted
1,280,1,2019-08-04,2020-11-02,0
2,112,1,2019-08-18,2020-06-29,0
3,218,1,2019-08-06,2020-07-16,0
4,53,1,2019-08-06,2020-08-22,0
5,377,1,2019-08-14,2020-10-09,0
6,425,1,2019-08-26,2020-08-07,0
7,335,1,2019-08-22,2020-10-03,0
8,385,1,2019-08-03,2020-06-18,0
9,127,1,2019-08-27,NULL,0
10,153,1,2019-08-06,2020-06-09,0
11,448,1,2019-08-23,NULL,0
12,17,1,2019-08-27,2020-06-27,0
13,231,1,2019-08-24,2020-08-15,0
14,135,1,2019-08-05,2020-11-14,0
15,179,1,2019-08-19,2020-10-19,0
16,442,1,2019-08-11,2020-09-08,0
17,419,1,2019-08-19,2020-11-03,0
18,45,1,2019-08-06,NULL,0
19,225,1,2019-08-29,2020-08-04,0
20,444,1,2019-08-09,NULL,0
21,61,1,2019-08-20,2020-09-26,0
22,398,1,2019-08-21,2020-06-17,0
23,416,1,2019-08-08,NULL,0
24,122,1,2019-08-11,2020-08-24,0
25,108,1,2019-08-04,2020-10-08,0
26,378,1,2019-08-19,2020-09-11,0
27,302,1,2019-08-05,2020-08-01,0
28,353,1,2019-08-21,NULL,0
29,180,1,2019-08-21,2020-06-27,0
30,404,2,2021-08-04,NULL,0
31,176,2,2021-08-23,2022-08-28,0
32,458,2,2021-08-23,2022-11-14,0
33,350,2,2021-08-03,2022-06-10,0
34,391,2,2021-08-19,2022-11-23,0
35,25,2,2021-08-07,2022-11-11,0
36,24,2,2021-08-29,2022-05-28,0
37,51,2,2021-08-25,2022-06-30,0
38,321,2,2021-08-13,2022-11-18,0
39,402,2,2021-08-17,2022-11-22,0
40,429,2,2021-08-21,NULL,0
41,236,2,2021-08-04,2022-06-30,0
42,9,2,2021-08-16,2022-09-03,0
43,64,2,2021-08-29,2022-06-23,0
44,476,2,2021-08-28,2022-08-12,0
45,440,2,2021-08-27,2022-07-01,0
46,81,2,2021-08-11,NULL,0
47,226,2,2021-08-27,2022-10-19,0
48,234,2,2021-08-31,2022-07-09,0
49,1,2,2021-08-17,2022-07-21,0
50,491,2,2021-08-11,2022-09-10,0
51,220,2,2021-08-12,2022-07-22,0
52,104,2,2021-08-29,NULL,0
53,353,2,2021-08-27,2022-10-25,0
54,466,2,2021-08-08,2022-09-14,0
55,68,2,2021-08-21,2022-07-30,0
56,452,2,2021-08-23,2022-07-30,0
57,333,2,2021-08-14,2022-10-30,0
58,155,2,2021-08-22,2022-11-20,0
59,82,2,2021-08-31,NULL,0
60,106,3,2022-08-15,NULL,0
61,266,3,2022-09-01,NULL,0
62,311,3,2022-09-08,2023-06-30,0
63,261,3,2022-08-30,2023-07-29,0
64,97,3,2022-09-07,2023-02-23,0
65,383,3,2022-09-12,2023-02-08,0
66,201,3,2022-09-04,2023-02-20,0
67,152,3,2022-08-18,2023-04-19,0
68,331,3,2022-08-23,2023-05-22,0
69,28,3,2022-08-30,2023-02-26,0
70,402,3,2022-08-23,2023-07-12,0
71,460,3,2022-09-08,2023-04-25,0
72,407,3,2022-09-10,2023-03-29,0
73,489,3,2022-08-18,2023-04-29,0
74,123,3,2022-08-31,2023-07-21,0
75,254,3,2022-08-22,2023-04-25,0
76,198,3,2022-08-21,2023-04-07,0
77,58,3,2022-09-11,2023-05-27,0
78,124,3,2022-09-09,2023-07-10,0
79,256,3,2022-09-11,2023-07-23,0
80,327,3,2022-08-20,2023-02-08,0
81,305,3,2022-08-21,2023-02-07,0
82,37,3,2022-09-07,2023-05-04,0
83,271,3,2022-08-27,2023-04-12,0
84,191,4,2023-08-15,2024-06-14,0
85,65,4,2023-08-19,2024-02-22,0
86,384,4,2023-08-18,NULL,0
87,400,4,2023-08-28,2024-04-13,0
88,448,4,2023-08-09,2024-07-03,0
89,138,4,2023-08-12,2024-04-06,0
90,376,4,2023-08-10,2024-02-19,0
91,454,4,2023-08-06,NULL,0
92,61,4,2023-08-26,2024-05-11,0
93,395,4,2023-08-21,NULL,0
94,461,4,2023-08-28,NULL,0
95,16,4,2023-08-06,2024-07-24,0
96,172,4,2023-08-20,2024-04-11,0
97,414,4,2023-08-20,NULL,0
98,220,4,2023-08-23,2024-02-27,0
99,140,4,2023-08-15,2024-06-15,0
100,269,4,2023-08-12,NULL,0
101,33,4,2023-08-28,2024-06-19,0
102,135,4,2023-09-01,NULL,0
103,365,4,2023-08-31,NULL,0
104,420,5,2021-08-16,2022-05-11,0
105,460,5,2021-09-09,2022-06-22,0
106,171,5,2021-09-13,2022-06-06,0
107,180,5,2021-08-24,NULL,0
108,49,5,2021-08-16,2022-06-03,0
109,300,5,2021-09-13,2022-06-14,0
110,250,5,2021-08-17,2022-05-27,0
111,6,5,2021-09-10,2022-05-09,0
112,201,5,2021-08-31,2022-03-25,0
113,113,5,2021-09-09,2022-04-02,0
114,161,5,2021-09-12,NULL,0
115,305,5,2021-08-16,NULL,0
116,425,5,2021-08-31,2022-06-13,0
117,167,5,2021-08-30,NULL,0
118,400,5,2021-09-11,2022-07-17,0
119,337,5,2021-09-09,2022-06-18,0
120,135,5,2021-09-11,2022-03-25,0
121,254,5,2021-08-31,2022-04-12,0
122,319,5,2021-09-06,2022-05-29,0
123,269,5,2021-08-15,NULL,0
124,419,5,2021-08-22,NULL,0
125,421,5,2021-09-03,2022-05-18,0
126,111,5,2021-09-06,2022-04-30,0
127,397,5,2021-09-09,2022-08-06,0
128,84,6,2019-08-31,NULL,0
129,58,6,2019-08-27,NULL,0
130,89,6,2019-08-14,2020-06-10,0
131,246,6,2019-08-10,NULL,0
132,254,6,2019-09-01,2020-06-18,0
133,171,6,2019-08-25,2020-04-28,0
134,222,6,2019-08-15,2020-05-30,0
135,66,6,2019-09-05,NULL,0
136,291,6,2019-08-09,2020-09-03,0
137,196,6,2019-08-29,2020-05-12,0
138,420,6,2019-08-11,2020-05-17,0
139,113,6,2019-09-05,2020-06-11,0
140,247,6,2019-09-01,2020-07-27,0
141,168,6,2019-08-25,2020-09-28,0
142,253,6,2019-09-03,2020-06-21,0
143,145,6,2019-08-07,NULL,0
144,466,6,2019-09-05,NULL,0
145,49,6,2019-08-30,NULL,0
146,415,7,2024-08-26,2025-04-30,0
147,66,7,2024-09-02,2025-08-27,0
148,48,7,2024-08-27,2025-07-28,0
149,464,7,2024-08-21,NULL,0
150,434,7,2024-08-19,2025-06-02,0
151,425,7,2024-08-22,2025-05-13,0
152,170,7,2024-08-14,NULL,0
153,63,7,2024-08-18,2025-08-09,0
154,22,7,2024-08-09,2025-06-28,0
155,483,7,2024-08-09,2025-07-23,0
156,237,7,2024-08-17,2025-06-19,0
157,26,7,2024-08-05,2025-06-13,0
158,87,7,2024-08-22,2025-03-29,0
159,474,7,2024-08-24,2025-03-30,0
160,294,7,2024-08-06,NULL,0
161,222,7,2024-08-26,2025-07-21,0
162,421,7,2024-08-18,2025-08-19,0
163,371,7,2024-08-27,NULL,0
164,203,7,2024-08-31,2025-05-23,0
165,255,7,2024-08-26,2025-04-06,0
166,16,7,2024-08-10,NULL,0
167,196,7,2024-08-27,2025-06-30,0
168,350,7,2024-08-23,NULL,0
169,219,7,2024-08-07,2025-05-22,0
170,89,7,2024-08-16,2025-09-17,0
171,182,7,2024-08-23,NULL,0
172,110,7,2024-09-03,2025-06-21,0
173,466,7,2024-08-16,2025-08-14,0
174,96,7,2024-08-28,NULL,0
175,297,8,2024-09-09,2025-08-01,0
176,169,8,2024-08-20,2025-11-07,0
177,99,8,2024-08-17,2025-07-14,0
178,270,8,2024-09-02,2025-12-12,0
179,21,8,2024-09-01,2025-09-20,0
180,51,8,2024-09-04,2025-08-05,0
181,32,8,2024-08-21,NULL,0
182,130,8,2024-08-19,2025-10-28,0
183,328,8,2024-08-24,2025-11-16,0
184,123,8,2024-08-22,NULL,0
185,11,8,2024-08-25,2025-08-22,0
186,288,8,2024-08-23,2025-08-09,0
187,263,8,2024-09-01,2025-12-19,0
188,1,8,2024-09-04,2025-06-26,0
189,181,8,2024-08-22,NULL,0
190,499,8,2024-09-01,NULL,0
191,334,8,2024-08-20,NULL,0
192,114,8,2024-09-12,2025-09-15,0
193,438,8,2024-08-15,NULL,0
194,73,8,2024-08-25,2025-11-17,0
195,187,8,2024-09-10,NULL,0
196,389,8,2024-09-09,2025-07-15,0
197,100,8,2024-09-06,2025-09-15,0
198,500,8,2024-09-08,2025-07-18,0
199,436,8,2024-08-18,2025-12-06,0
200,458,8,2024-08-21,NULL,0
201,472,8,2024-08-30,2025-08-18,0
202,177,8,2024-09-06,2025-09-23,0
203,34,8,2024-09-05,2025-06-26,0
204,12,8,2024-09-12,2025-10-11,0
205,476,9,2022-09-04,2023-04-27,0
206,222,9,2022-08-28,2023-06-24,0
207,267,9,2022-09-03,2023-06-01,0
208,475,9,2022-08-09,2023-05-08,0
209,204,9,2022-08-20,NULL,0
210,188,9,2022-09-04,2023-09-23,0
211,295,9,2022-08-09,2023-04-26,0
212,203,9,2022-08-24,NULL,0
213,54,9,2022-09-01,2023-08-08,0
214,447,9,2022-09-01,2023-07-12,0
215,258,9,2022-08-31,NULL,0
216,426,9,2022-08-24,2023-09-04,0
217,466,9,2022-08-29,2023-07-04,0
218,313,9,2022-08-30,2023-07-28,0
219,353,9,2022-08-19,2023-08-22,0
220,411,9,2022-09-02,2023-04-19,0
221,371,9,2022-08-24,2023-10-05,0
222,121,9,2022-08-17,2023-06-09,0
223,87,9,2022-09-03,2023-06-01,0
224,242,9,2022-08-17,2023-05-09,0
225,490,10,2024-08-10,2025-11-25,0
226,74,10,2024-08-20,NULL,0
227,186,10,2024-08-18,NULL,0
228,453,10,2024-08-13,2025-06-22,0
229,238,10,2024-08-05,2025-10-18,0
230,279,10,2024-08-18,NULL,0
231,289,10,2024-08-10,NULL,0
232,383,10,2024-08-16,2025-08-06,0
233,159,10,2024-08-16,2025-09-16,0
234,58,10,2024-08-03,NULL,0
235,373,10,2024-08-30,2025-10-17,0
236,319,10,2024-08-06,2025-11-12,0
237,232,10,2024-08-27,2025-09-29,0
238,116,10,2024-08-26,NULL,0
239,223,10,2024-08-26,NULL,0
240,229,10,2024-08-06,2025-06-17,0
241,117,10,2024-08-18,2025-11-28,0
242,265,10,2024-08-18,2025-11-14,0
243,30,10,2024-08-27,NULL,0
244,158,10,2024-08-23,2025-06-24,0
245,261,10,2024-08-29,2025-09-16,0
246,276,10,2024-08-14,2025-08-16,0
247,139,10,2024-08-15,2025-06-10,0
248,486,10,2024-08-06,2025-11-04,0
249,161,10,2024-08-15,2025-07-05,0
250,330,10,2024-08-18,2025-10-30,0
251,41,10,2024-08-13,2025-07-02,0
252,94,10,2024-08-02,2025-07-02,0
253,435,10,2024-08-06,2025-10-22,0
254,402,10,2024-08-03,2025-09-20,0
255,213,11,2022-08-26,NULL,0
256,368,11,2022-08-13,2023-06-14,0
257,274,11,2022-08-15,2023-06-07,0
258,322,11,2022-09-02,NULL,0
259,343,11,2022-08-14,2023-04-14,0
260,265,11,2022-08-14,2023-06-04,0
261,20,11,2022-08-18,2023-06-10,0
262,94,11,2022-09-02,2023-08-21,0
263,153,11,2022-08-21,2023-07-11,0
264,224,11,2022-09-04,NULL,0
265,78,11,2022-08-28,2023-07-30,0
266,348,11,2022-08-14,2023-04-03,0
267,382,11,2022-08-25,2023-04-05,0
268,390,11,2022-09-01,2023-07-01,0
269,223,11,2022-09-06,2023-08-01,0
270,219,11,2022-08-13,2023-05-03,0
271,500,11,2022-09-04,NULL,0
272,495,11,2022-09-04,NULL,0
273,181,11,2022-09-03,2023-04-01,0
274,388,11,2022-08-12,2023-05-09,0
275,132,11,2022-09-02,2023-07-16,0
276,26,11,2022-08-25,2023-04-20,0
277,419,11,2022-08-20,2023-06-23,0
278,316,12,2023-09-08,2024-04-22,0
279,239,12,2023-08-29,2024-07-01,0
280,95,12,2023-09-14,2024-02-11,0
281,466,12,2023-08-25,2024-01-11,0
282,253,12,2023-09-07,2024-03-27,0
283,312,12,2023-08-23,NULL,0
284,294,12,2023-08-25,2024-04-14,0
285,188,12,2023-08-18,2024-03-13,0
286,185,12,2023-09-08,2024-06-30,0
287,88,12,2023-08-29,NULL,0
288,446,12,2023-09-02,2024-01-10,0
289,478,12,2023-08-29,NULL,0
290,139,12,2023-08-19,NULL,0
291,399,12,2023-08-28,2024-06-12,0
292,443,12,2023-09-05,2024-02-05,0
293,364,12,2023-08-30,2024-03-19,0
294,49,12,2023-08-25,2024-03-19,0
295,153,12,2023-09-06,2024-06-23,0
296,15,12,2023-09-05,2024-05-20,0
297,207,12,2023-08-21,2024-01-23,0
298,27,12,2023-08-20,NULL,0
299,457,12,2023-08-20,2024-06-26,0
300,304,12,2023-09-04,2024-01-15,0
301,417,12,2023-08-25,2024-03-24,0
302,114,12,2023-09-06,NULL,0
303,458,12,2023-09-02,2024-01-18,0
304,118,12,2023-08-27,2024-06-03,0
305,343,12,2023-08-19,2024-03-05,0
306,120,12,2023-08-24,2024-05-09,0
307,358,12,2023-08-16,NULL,0
308,286,13,2023-08-31,2024-05-20,0
309,171,13,2023-08-25,2024-05-26,0
310,483,13,2023-08-27,2024-05-17,0
311,97,13,2023-08-24,NULL,0
312,481,13,2023-08-23,2024-08-12,0
313,371,13,2023-08-20,2024-08-08,0
314,499,13,2023-09-05,2024-04-21,0
315,315,13,2023-08-22,2024-08-24,0
316,102,13,2023-08-26,2024-06-16,0
317,168,13,2023-09-06,NULL,0
318,55,13,2023-09-03,2024-04-23,0
319,267,13,2023-08-28,2024-07-26,0
320,73,13,2023-08-10,NULL,0
321,421,13,2023-08-24,2024-04-18,0
322,149,13,2023-08-14,2024-05-27,0
323,411,13,2023-08-18,NULL,0
324,462,13,2023-08-28,2024-03-04,0
325,317,13,2023-08-24,2024-04-15,0
326,432,13,2023-08-20,2024-07-06,0
327,103,13,2023-08-13,2024-03-25,0
328,385,13,2023-09-03,2024-08-12,0
329,193,13,2023-08-25,2024-07-03,0
330,370,13,2023-08-26,2024-07-17,0
331,51,13,2023-09-01,2024-03-06,0
332,126,13,2023-08-10,2024-07-16,0
333,203,13,2023-09-01,2024-03-04,0
334,147,14,2024-08-17,2025-04-22,0
335,430,14,2024-09-04,NULL,0
336,221,14,2024-08-30,2025-05-06,0
337,202,14,2024-09-09,NULL,0
338,85,14,2024-08-16,NULL,0
339,69,14,2024-09-14,2025-04-21,0
340,247,14,2024-09-08,2025-08-16,0
341,320,14,2024-08-29,2025-06-20,0
342,368,14,2024-08-23,2025-03-28,0
343,199,14,2024-09-02,NULL,0
344,111,14,2024-09-06,2025-08-25,0
345,45,14,2024-09-13,2025-03-31,0
346,33,14,2024-08-24,2025-03-24,0
347,194,14,2024-09-13,2025-07-03,0
348,190,14,2024-08-31,2025-08-06,0
349,293,14,2024-09-06,2025-04-27,0
350,451,14,2024-09-08,2025-08-27,0
351,331,14,2024-09-14,2025-09-04,0
352,374,14,2024-09-11,2025-05-27,0
353,333,14,2024-08-26,2025-04-23,0
354,216,14,2024-09-01,NULL,0
355,280,14,2024-09-11,2025-08-24,0
356,162,15,2019-09-01,2020-04-24,0
357,65,15,2019-08-11,NULL,0
358,447,15,2019-08-23,2020-03-05,0
359,60,15,2019-08-12,2020-03-30,0
360,286,15,2019-08-07,2020-07-06,0
361,114,15,2019-08-29,NULL,0
362,346,15,2019-08-09,2020-03-27,0
363,115,15,2019-08-05,2020-04-30,0
364,443,15,2019-08-19,NULL,0
365,151,15,2019-08-24,2020-03-14,0
366,473,15,2019-08-30,NULL,0
367,300,15,2019-08-06,2020-05-15,0
368,116,15,2019-08-22,NULL,0
369,206,15,2019-08-23,2020-03-31,0
370,400,15,2019-08-30,NULL,0
371,236,15,2019-08-05,2020-04-06,0
372,170,15,2019-08-12,2020-05-25,0
373,92,15,2019-08-22,NULL,0
374,450,16,2020-09-07,2021-12-23,0
375,376,16,2020-08-20,2021-08-07,0
376,48,16,2020-09-09,2021-11-26,0
377,191,16,2020-08-28,NULL,0
378,418,16,2020-08-22,2021-12-01,0
379,176,16,2020-08-31,2021-12-01,0
380,94,16,2020-09-12,NULL,0
381,59,16,2020-08-15,NULL,0
382,206,16,2020-08-15,2021-10-30,0
383,205,16,2020-09-09,NULL,0
384,493,16,2020-08-29,2021-09-02,0
385,234,16,2020-08-23,2021-12-18,0
386,140,16,2020-08-27,2021-11-22,0
387,428,16,2020-08-20,2021-12-16,0
388,198,16,2020-08-16,2021-11-08,0
389,354,16,2020-08-21,2021-07-22,0
390,436,16,2020-08-30,2021-08-30,0
391,245,16,2020-08-28,2021-12-18,0
392,410,16,2020-08-23,2021-11-17,0
393,216,16,2020-08-15,NULL,0
394,333,16,2020-09-11,2021-08-07,0
395,454,16,2020-08-27,NULL,0
396,409,16,2020-08-16,2021-08-09,0
397,432,17,2021-08-19,NULL,0
398,281,17,2021-08-19,2022-09-13,0
399,186,17,2021-08-19,2022-09-13,0
400,139,17,2021-08-10,2022-06-04,0
401,191,17,2021-08-21,2022-09-28,0
402,159,17,2021-08-16,2022-06-01,0
403,31,17,2021-08-08,2022-10-14,0
404,289,17,2021-08-13,2022-09-16,0
405,129,17,2021-08-16,2022-10-27,0
406,313,17,2021-08-19,NULL,0
407,367,17,2021-08-22,NULL,0
408,216,17,2021-08-07,2022-09-02,0
409,231,17,2021-08-23,2022-10-14,0
410,471,17,2021-08-14,2022-10-24,0
411,136,17,2021-08-22,2022-06-07,0
412,46,17,2021-08-30,2022-07-04,0
413,264,17,2021-09-02,2022-10-18,0
414,365,18,2024-09-11,2025-05-23,0
415,352,18,2024-08-16,2025-10-31,0
416,256,18,2024-08-27,2025-09-04,0
417,462,18,2024-08-31,2025-09-18,0
418,76,18,2024-09-10,NULL,0
419,35,18,2024-09-14,2025-05-24,0
420,118,18,2024-08-28,NULL,0
421,336,18,2024-08-19,2025-09-19,0
422,98,18,2024-08-21,NULL,0
423,473,18,2024-09-09,2025-06-25,0
424,489,18,2024-08-22,NULL,0
425,476,18,2024-09-11,2025-10-12,0
426,281,18,2024-08-26,NULL,0
427,173,18,2024-08-29,NULL,0
428,404,18,2024-09-01,NULL,0
429,136,18,2024-08-16,2025-07-14,0
430,132,18,2024-09-06,2025-08-07,0
431,83,18,2024-09-05,2025-06-15,0
432,269,18,2024-09-10,2025-11-07,0
433,148,18,2024-08-17,2025-07-27,0
434,311,18,2024-08-19,2025-07-31,0
435,133,18,2024-08-23,2025-09-30,0
436,471,18,2024-08-25,2025-07-04,0
437,234,18,2024-08-26,2025-11-03,0
438,495,19,2020-08-15,NULL,0
439,359,19,2020-08-18,2021-07-22,0
440,70,19,2020-09-12,2021-07-08,0
441,379,19,2020-08-22,2021-09-01,0
442,346,19,2020-08-19,2021-09-06,0
443,95,19,2020-08-22,2021-07-10,0
444,270,19,2020-08-21,2021-08-16,0
445,290,19,2020-08-19,2021-09-24,0
446,370,19,2020-08-17,2021-11-29,0
447,340,19,2020-08-16,2021-11-15,0
448,170,19,2020-08-16,2021-12-07,0
449,62,19,2020-08-26,2021-11-02,0
450,405,19,2020-08-18,2021-12-20,0
451,186,19,2020-09-03,2021-07-07,0
452,300,19,2020-08-14,2021-10-09,0
453,258,19,2020-08-18,NULL,0
454,311,19,2020-09-02,NULL,0
455,305,19,2020-09-11,2021-08-28,0
456,356,19,2020-09-06,2021-10-16,0
457,224,19,2020-08-17,2021-12-04,0
458,360,19,2020-08-21,2021-09-27,0
459,398,19,2020-08-19,2021-11-26,0
460,480,19,2020-09-06,2021-08-13,0
461,452,19,2020-09-03,2021-12-16,0
462,286,19,2020-09-10,2021-08-08,0
463,151,19,2020-08-20,2021-09-29,0
464,310,20,2024-08-17,2025-06-14,0
465,206,20,2024-08-17,NULL,0
466,393,20,2024-08-27,2025-05-31,0
467,195,20,2024-08-19,2025-03-27,0
468,95,20,2024-08-20,2025-02-21,0
469,121,20,2024-08-20,2025-05-14,0
470,410,20,2024-08-31,2025-05-22,0
471,188,20,2024-08-24,2025-03-02,0
472,4,20,2024-08-08,2025-03-30,0
473,243,20,2024-08-26,2025-03-01,0
474,338,20,2024-08-12,2025-05-06,0
475,497,20,2024-08-19,NULL,0
476,115,20,2024-08-16,2025-06-25,0
477,28,20,2024-08-25,2025-06-18,0
478,113,20,2024-08-17,NULL,0
479,239,20,2024-08-29,NULL,0
480,232,21,2019-08-31,NULL,0
481,472,21,2019-08-12,2020-05-27,0
482,68,21,2019-08-16,2020-11-13,0
483,234,21,2019-08-16,2020-11-17,0
484,156,21,2019-08-23,NULL,0
485,323,21,2019-08-30,2020-11-21,0
486,429,21,2019-08-08,NULL,0
487,173,21,2019-08-12,2020-06-13,0
488,13,21,2019-08-13,2020-06-01,0
489,311,21,2019-08-22,2020-06-04,0
490,486,21,2019-09-03,2020-07-10,0
491,458,21,2019-08-11,2020-06-13,0
492,227,21,2019-08-18,NULL,0
493,310,21,2019-08-07,2020-09-02,0
494,477,21,2019-08-22,2020-09-13,0
495,307,21,2019-08-26,2020-11-14,0
496,270,21,2019-09-02,2020-11-06,0
497,294,21,2019-08-13,2020-10-22,0
498,24,21,2019-09-04,2020-06-13,0
499,182,21,2019-08-25,NULL,0
500,386,21,2019-09-02,2020-11-17,0
501,117,21,2019-08-27,2020-08-06,0
502,195,21,2019-08-12,NULL,0
503,44,21,2019-08-24,2020-11-11,0
504,54,21,2019-09-05,2020-10-09,0
505,76,22,2022-08-24,2023-07-20,0
506,442,22,2022-09-10,2023-05-29,0
507,229,22,2022-09-06,2023-08-14,0
508,470,22,2022-08-16,2023-04-12,0
509,471,22,2022-09-07,2023-05-05,0
510,323,22,2022-09-06,2023-08-20,0
511,169,22,2022-08-18,2023-03-15,0
512,375,22,2022-08-16,2023-07-20,0
513,81,22,2022-08-29,2023-03-20,0
514,170,22,2022-09-03,2023-05-05,0
515,401,22,2022-09-09,2023-07-28,0
516,433,22,2022-08-28,NULL,0
517,384,22,2022-09-01,2023-08-16,0
518,216,22,2022-09-05,2023-08-07,0
519,6,22,2022-09-10,NULL,0
520,328,22,2022-09-02,2023-05-25,0
521,329,22,2022-08-24,2023-08-26,0
522,80,22,2022-08-25,2023-07-25,0
523,70,22,2022-09-01,NULL,0
524,23,22,2022-08-30,2023-05-21,0
525,3,22,2022-09-05,2023-08-13,0
526,339,22,2022-08-30,2023-06-02,0
527,424,23,2022-09-01,2023-07-23,0
528,456,23,2022-09-05,2023-02-17,0
529,199,23,2022-08-11,2023-02-20,0
530,296,23,2022-08-12,2023-05-27,0
531,286,23,2022-08-14,2023-02-22,0
532,278,23,2022-08-21,2023-07-01,0
533,218,23,2022-08-23,2023-03-23,0
534,483,23,2022-08-27,2023-07-13,0
535,184,23,2022-08-15,NULL,0
536,300,23,2022-09-03,2023-06-23,0
537,344,23,2022-09-05,2023-06-21,0
538,65,23,2022-09-07,2023-07-20,0
539,108,23,2022-08-17,2023-06-24,0
540,404,23,2022-09-03,2023-03-30,0
541,377,23,2022-08-20,NULL,0
542,49,23,2022-08-17,NULL,0
543,168,23,2022-09-03,2023-06-16,0
544,86,23,2022-08-27,2023-06-17,0
545,335,23,2022-08-31,2023-05-18,0
546,27,24,2022-08-28,2023-09-24,0
547,438,24,2022-08-22,2023-07-09,0
548,131,24,2022-08-17,2023-08-16,0
549,338,24,2022-08-17,2023-09-16,0
550,232,24,2022-08-18,2023-11-21,0
551,247,24,2022-09-02,2023-07-25,0
552,303,24,2022-08-19,2023-07-09,0
553,292,24,2022-08-17,2023-08-13,0
554,30,24,2022-08-29,2023-09-20,0
555,25,24,2022-08-14,2023-07-20,0
556,427,24,2022-08-12,2023-09-12,0
557,205,24,2022-08-10,2023-12-09,0
558,63,24,2022-08-18,2023-11-18,0
559,459,24,2022-08-28,2023-10-03,0
560,340,24,2022-09-02,2023-07-22,0
561,416,24,2022-08-15,2023-07-24,0
562,172,24,2022-08-13,2023-11-13,0
563,485,24,2022-08-29,2023-08-25,0
564,163,24,2022-08-04,2023-10-01,0
565,378,24,2022-08-14,NULL,0
566,356,24,2022-08-13,2023-12-06,0
567,370,24,2022-08-07,2023-07-11,0
568,287,25,2019-08-14,2020-10-09,0
569,381,25,2019-09-10,2020-08-17,0
570,303,25,2019-09-08,2020-07-01,0
571,309,25,2019-08-27,NULL,0
572,105,25,2019-08-27,2020-06-18,0
573,140,25,2019-08-24,2020-09-09,0
574,265,25,2019-08-15,2020-05-20,0
575,376,25,2019-08-15,2020-09-16,0
576,90,25,2019-08-19,2020-09-11,0
577,497,25,2019-08-22,2020-10-12,0
578,367,25,2019-08-26,NULL,0
579,482,25,2019-08-15,NULL,0
580,118,25,2019-08-22,2020-09-21,0
581,392,25,2019-08-30,2020-05-22,0
582,412,25,2019-08-21,2020-07-08,0
583,327,25,2019-08-18,2020-08-16,0
584,169,25,2019-09-01,2020-11-05,0
585,103,25,2019-08-25,2020-06-14,0
586,455,25,2019-09-04,2020-07-09,0
587,431,25,2019-08-14,NULL,0
588,219,25,2019-09-03,2020-09-27,0
589,201,26,2024-08-20,2025-04-25,0
590,149,26,2024-08-15,2025-05-13,0
591,5,26,2024-08-27,2025-06-01,0
592,6,26,2024-08-17,2025-03-29,0
593,423,26,2024-08-14,2025-04-21,0
594,388,26,2024-08-09,2025-06-27,0
595,90,26,2024-08-29,2025-05-04,0
596,387,26,2024-08-07,2025-02-20,0
597,291,26,2024-08-29,2025-04-22,0
598,480,26,2024-08-07,2025-05-30,0
599,160,26,2024-08-13,2025-01-23,0
600,246,26,2024-08-27,2025-06-21,0
601,313,26,2024-09-01,NULL,0
602,282,26,2024-08-06,2025-06-12,0
603,80,26,2024-08-19,2025-03-18,0
604,125,26,2024-08-25,2025-06-14,0
605,324,26,2024-08-31,2025-04-22,0
606,478,26,2024-08-13,2025-03-24,0
607,428,26,2024-08-10,NULL,0
608,198,26,2024-08-31,NULL,0
609,205,26,2024-08-06,2025-05-16,0
610,397,26,2024-08-18,2025-06-27,0
611,322,26,2024-08-03,NULL,0
612,416,26,2024-08-23,2025-06-12,0
613,284,26,2024-08-16,2025-03-10,0
614,447,26,2024-08-13,2025-01-19,0
615,214,26,2024-08-21,2025-01-10,0
616,498,26,2024-08-27,2025-03-21,0
617,296,27,2024-09-09,2025-10-12,0
618,326,27,2024-09-03,2025-07-05,0
619,337,27,2024-08-18,2025-08-10,0
620,463,27,2024-08-15,2025-10-31,0
621,165,27,2024-09-04,2025-09-10,0
622,412,27,2024-08-25,2025-08-07,0
623,14,27,2024-08-19,2025-10-01,0
624,56,27,2024-08-22,2025-11-03,0
625,71,27,2024-08-16,2025-07-05,0
626,439,27,2024-09-04,2025-11-15,0
627,240,27,2024-08-18,NULL,0
628,444,27,2024-08-22,2025-08-25,0
629,460,27,2024-08-30,NULL,0
630,292,27,2024-08-27,2025-12-02,0
631,290,27,2024-08-17,2025-08-18,0
632,231,27,2024-09-10,2025-09-01,0
633,184,27,2024-09-10,2025-07-21,0
634,482,27,2024-08-28,2025-07-31,0
635,162,27,2024-08-15,2025-07-22,0
636,366,27,2024-08-20,2025-07-24,0
637,335,27,2024-08-28,2025-08-05,0
638,455,27,2024-08-20,2025-08-12,0
639,7,27,2024-09-06,2025-08-08,0
640,218,27,2024-08-17,2025-07-15,0
641,145,27,2024-08-19,2025-06-26,0
642,339,27,2024-08-22,NULL,0
643,405,27,2024-08-28,2025-10-22,0
644,288,28,2021-08-28,2022-04-20,0
645,223,28,2021-08-17,NULL,0
646,370,28,2021-08-31,2022-04-12,0
647,190,28,2021-08-05,2022-02-15,0
648,295,28,2021-08-18,NULL,0
649,344,28,2021-08-10,2022-03-23,0
650,164,28,2021-08-10,2022-06-23,0
651,294,28,2021-08-26,2022-01-27,0
652,108,28,2021-08-22,2022-03-09,0
653,457,28,2021-08-27,2022-03-03,0
654,306,28,2021-08-24,2022-06-07,0
655,168,28,2021-08-22,2022-05-09,0
656,240,28,2021-08-19,2022-06-30,0
657,131,28,2021-08-08,2022-04-14,0
658,449,28,2021-08-24,2022-05-28,0
659,345,28,2021-08-28,NULL,0
660,61,29,2021-08-26,2022-07-07,0
661,448,29,2021-09-03,2022-07-28,0
662,165,29,2021-09-11,2022-08-28,0
663,499,29,2021-09-07,2022-05-09,0
664,143,29,2021-08-28,NULL,0
665,347,29,2021-09-09,2022-05-29,0
666,268,29,2021-09-04,2022-07-26,0
667,238,29,2021-08-26,NULL,0
668,118,29,2021-09-04,2022-06-18,0
669,88,29,2021-09-09,2022-08-25,0
670,497,29,2021-08-24,2022-07-30,0
671,462,29,2021-08-23,2022-04-18,0
672,90,29,2021-08-19,2022-05-27,0
673,293,29,2021-08-22,2022-06-27,0
674,500,29,2021-08-15,2022-08-09,0
675,7,29,2021-09-03,2022-04-11,0
676,105,29,2021-08-16,2022-05-30,0
677,261,29,2021-08-30,2022-07-29,0
678,311,29,2021-08-31,NULL,0
679,80,29,2021-09-10,2022-05-31,0
680,389,29,2021-09-05,2022-08-19,0
681,323,29,2021-09-03,2022-08-06,0
682,146,30,2020-09-04,NULL,0
683,247,30,2020-08-22,2021-04-25,0
684,443,30,2020-08-13,2021-05-10,0
685,489,30,2020-09-03,2021-05-28,0
686,199,30,2020-09-04,2021-07-27,0
687,424,30,2020-08-28,2021-06-30,0
688,327,30,2020-08-23,2021-05-22,0
689,289,30,2020-08-21,NULL,0
690,250,30,2020-09-06,2021-07-19,0
691,229,30,2020-08-10,NULL,0
692,90,30,2020-08-10,2021-09-04,0
693,101,30,2020-08-08,2021-08-10,0
694,485,30,2020-09-02,NULL,0
695,12,30,2020-08-15,2021-09-17,0
696,68,30,2020-08-18,2021-09-28,0
697,413,30,2020-08-09,2021-08-31,0
698,127,30,2020-08-17,2021-07-07,0
699,373,30,2020-08-08,2021-09-04,0
700,135,30,2020-08-30,NULL,0
701,422,30,2020-08-23,2021-08-02,0
702,395,30,2020-08-29,2021-04-21,0
703,425,30,2020-09-06,2021-05-23,0
704,41,30,2020-08-26,2021-09-02,0
705,114,30,2020-09-06,2021-08-22,0
706,220,30,2020-08-13,2021-04-21,0
707,54,30,2020-08-13,2021-07-02,0
708,50,30,2020-08-18,2021-04-20,0
709,126,31,2022-08-19,2023-01-21,0
710,279,31,2022-08-27,2023-02-01,0
711,391,31,2022-08-12,2023-04-29,0
712,294,31,2022-08-24,2023-05-09,0
713,268,31,2022-08-26,2023-02-11,0
714,161,31,2022-08-31,NULL,0
715,110,31,2022-09-01,2023-01-30,0
716,496,31,2022-08-23,2023-04-26,0
717,448,31,2022-08-09,2023-01-27,0
718,262,31,2022-08-28,2023-02-28,0
719,252,31,2022-08-22,2023-05-11,0
720,144,31,2022-08-21,2023-01-12,0
721,173,31,2022-08-22,2023-02-10,0
722,52,31,2022-08-31,2023-04-14,0
723,285,31,2022-08-30,2023-02-19,0
724,435,31,2022-08-26,NULL,0
725,156,31,2022-08-24,NULL,0
726,357,31,2022-08-06,2023-03-08,0
727,425,31,2022-08-20,2023-04-27,0
728,481,31,2022-08-25,2023-01-12,0
729,474,31,2022-08-26,2023-01-28,0
730,178,31,2022-08-16,2023-02-26,0
731,186,31,2022-08-17,2023-03-24,0
732,450,31,2022-08-03,2023-06-14,0
733,365,31,2022-08-09,2023-05-24,0
734,176,31,2022-08-16,2023-05-07,0
735,132,32,2019-09-05,2020-06-18,0
736,242,32,2019-09-02,2020-06-19,0
737,30,32,2019-08-19,2020-11-03,0
738,439,32,2019-09-08,2020-11-08,0
739,144,32,2019-09-05,2020-06-23,0
740,72,32,2019-09-05,2020-08-16,0
741,157,32,2019-08-23,2020-08-23,0
742,417,32,2019-08-15,NULL,0
743,289,32,2019-08-17,2020-11-19,0
744,215,32,2019-08-28,2020-06-30,0
745,8,32,2019-09-01,NULL,0
746,106,32,2019-08-25,2020-10-17,0
747,187,32,2019-08-31,2020-09-29,0
748,387,32,2019-09-03,2020-10-13,0
749,76,32,2019-08-29,2020-09-23,0
750,264,32,2019-09-01,NULL,0
751,161,32,2019-08-21,NULL,0
752,5,32,2019-08-23,2020-10-09,0
753,25,32,2019-09-05,2020-08-02,0
754,383,32,2019-08-23,2020-05-27,0
755,457,32,2019-08-16,2020-09-01,0
756,319,32,2019-08-17,2020-05-31,0
757,456,32,2019-08-21,NULL,0
758,394,32,2019-08-16,2020-08-17,0
759,467,33,2019-08-19,2020-04-25,0
760,374,33,2019-08-09,NULL,0
761,277,33,2019-08-30,NULL,0
762,137,33,2019-08-29,2020-06-02,0
763,366,33,2019-09-01,2020-09-25,0
764,483,33,2019-08-09,2020-08-17,0
765,351,33,2019-08-19,2020-09-12,0
766,389,33,2019-08-27,2020-06-09,0
767,104,33,2019-08-16,2020-04-17,0
768,432,33,2019-08-06,NULL,0
769,204,33,2019-08-15,2020-05-04,0
770,235,33,2019-08-21,NULL,0
771,293,33,2019-09-03,2020-07-29,0
772,453,33,2019-08-09,2020-04-28,0
773,233,33,2019-08-09,2020-08-27,0
774,77,33,2019-09-03,2020-06-30,0
775,67,33,2019-09-02,NULL,0
776,86,34,2024-08-20,2025-08-19,0
777,209,34,2024-08-29,2025-06-18,0
778,457,34,2024-08-28,NULL,0
779,346,34,2024-08-31,NULL,0
780,167,34,2024-08-17,2025-07-31,0
781,168,34,2024-08-18,2025-10-18,0
782,452,34,2024-09-01,NULL,0
783,225,34,2024-09-04,2025-09-30,0
784,494,34,2024-08-28,2025-09-26,0
785,155,34,2024-08-16,2025-08-09,0
786,485,34,2024-08-31,2025-08-18,0
787,363,34,2024-09-14,2025-07-20,0
788,92,34,2024-08-26,2025-06-12,0
789,317,34,2024-08-17,2025-07-24,0
790,396,34,2024-09-07,2025-07-28,0
791,375,34,2024-09-14,2025-11-01,0
792,91,34,2024-08-19,2025-09-27,0
793,146,34,2024-08-29,2025-10-02,0
794,53,35,2020-08-18,2021-06-29,0
795,21,35,2020-08-16,2021-08-09,0
796,273,35,2020-08-15,NULL,0
797,210,35,2020-08-19,2021-05-01,0
798,89,35,2020-08-22,2021-04-16,0
799,80,35,2020-08-18,NULL,0
800,155,35,2020-08-29,2021-04-21,0
801,215,35,2020-08-12,2021-07-05,0
802,345,35,2020-08-13,NULL,0
803,145,35,2020-08-28,NULL,0
804,136,35,2020-09-07,NULL,0
805,150,35,2020-09-03,2021-09-08,0
806,490,35,2020-08-12,2021-09-15,0
807,174,35,2020-08-29,2021-08-19,0
808,52,35,2020-09-09,2021-08-29,0
809,338,35,2020-09-06,2021-10-02,0
810,237,35,2020-09-03,2021-09-26,0
811,337,35,2020-08-18,NULL,0
812,126,35,2020-08-27,2021-09-01,0
813,144,36,2021-08-22,2022-05-09,0
814,282,36,2021-08-11,2022-08-27,0
815,192,36,2021-08-29,2022-09-19,0
816,257,36,2021-08-17,2022-09-10,0
817,94,36,2021-08-12,2022-06-07,0
818,84,36,2021-09-02,2022-07-25,0
819,218,36,2021-08-25,2022-08-31,0
820,53,36,2021-09-02,2022-07-20,0
821,314,36,2021-08-22,2022-05-24,0
822,375,36,2021-08-25,2022-09-20,0
823,487,36,2021-09-04,2022-05-19,0
824,33,36,2021-08-24,2022-07-28,0
825,361,36,2021-08-16,2022-04-17,0
826,260,36,2021-08-06,NULL,0
827,173,36,2021-08-29,2022-05-15,0
828,54,36,2021-08-11,2022-04-27,0
829,330,36,2021-09-01,2022-06-07,0
830,202,37,2022-08-12,NULL,0
831,10,37,2022-08-13,2023-04-15,0
832,243,37,2022-08-23,2023-09-27,0
833,74,37,2022-08-19,2023-05-24,0
834,215,37,2022-09-03,2023-10-06,0
835,326,37,2022-08-16,2023-08-08,0
836,347,37,2022-08-15,NULL,0
837,14,37,2022-09-02,2023-06-19,0
838,236,37,2022-08-14,NULL,0
839,142,37,2022-08-14,2023-05-08,0
840,398,37,2022-09-04,2023-09-24,0
841,143,37,2022-08-23,2023-07-17,0
842,139,37,2022-08-19,NULL,0
843,405,37,2022-09-01,NULL,0
844,387,37,2022-08-20,NULL,0
845,180,37,2022-08-18,2023-05-31,0
846,406,37,2022-08-19,NULL,0
847,355,37,2022-08-18,NULL,0
848,462,37,2022-09-04,2023-08-24,0
849,228,38,2021-08-31,2022-06-02,0
850,340,38,2021-08-19,NULL,0
851,272,38,2021-08-16,NULL,0
852,106,38,2021-08-14,2022-04-27,0
853,14,38,2021-08-17,2022-05-15,0
854,239,38,2021-08-06,2022-06-19,0
855,470,38,2021-08-18,2022-08-11,0
856,243,38,2021-08-31,2022-08-19,0
857,244,38,2021-08-10,2022-04-01,0
858,430,38,2021-08-26,2022-07-09,0
859,207,38,2021-08-06,2022-04-03,0
860,158,38,2021-08-15,NULL,0
861,349,38,2021-08-06,2022-03-14,0
862,193,38,2021-08-18,2022-03-27,0
863,40,38,2021-08-30,2022-04-03,0
864,178,38,2021-08-12,2022-05-17,0
865,267,38,2021-08-07,NULL,0
866,20,38,2021-08-22,2022-08-07,0
867,383,38,2021-08-06,2022-04-04,0
868,195,38,2021-08-11,2022-03-30,0
869,152,38,2021-08-30,2022-07-31,0
870,101,38,2021-08-16,2022-07-20,0
871,233,38,2021-08-16,2022-04-25,0
872,450,38,2021-08-28,2022-05-27,0
873,412,39,2023-09-02,2024-02-19,0
874,472,39,2023-08-11,2024-05-31,0
875,284,39,2023-09-02,2024-04-07,0
876,79,39,2023-08-16,2024-04-01,0
877,299,39,2023-08-11,NULL,0
878,357,39,2023-08-26,NULL,0
879,280,39,2023-08-25,2024-06-12,0
880,427,39,2023-08-12,2024-05-29,0
881,388,39,2023-08-16,2024-05-23,0
882,227,39,2023-08-17,2024-07-21,0
883,110,39,2023-08-17,2024-07-02,0
884,234,39,2023-08-24,2024-02-25,0
885,292,39,2023-08-24,2024-06-11,0
886,282,39,2023-08-14,NULL,0
887,81,39,2023-08-12,NULL,0
888,96,39,2023-08-24,2024-02-26,0
889,115,39,2023-08-23,2024-07-26,0
890,134,40,2021-08-17,2022-08-18,0
891,213,40,2021-08-28,2022-09-08,0
892,331,40,2021-08-03,2022-05-16,0
893,299,40,2021-08-19,2022-08-05,0
894,222,40,2021-08-31,2022-09-10,0
895,210,40,2021-08-03,2022-06-02,0
896,348,40,2021-08-03,2022-06-15,0
897,120,40,2021-08-21,2022-05-23,0
898,318,40,2021-08-09,2022-05-05,0
899,214,40,2021-08-28,2022-09-21,0
900,447,40,2021-08-20,2022-07-19,0
901,38,40,2021-08-08,2022-08-20,0
902,384,40,2021-08-12,NULL,0
903,99,40,2021-08-19,2022-04-23,0
904,351,40,2021-08-07,2022-07-06,0
905,475,40,2021-08-13,NULL,0
906,115,41,2022-08-28,NULL,0
907,103,41,2022-08-26,NULL,0
908,127,41,2022-08-24,NULL,0
909,39,41,2022-09-05,2023-08-31,0
910,319,41,2022-08-28,2023-07-07,0
911,233,41,2022-09-10,2023-03-17,0
912,234,41,2022-09-05,NULL,0
913,346,41,2022-09-04,2023-08-05,0
914,214,41,2022-08-17,NULL,0
915,493,41,2022-09-11,2023-03-30,0
916,128,41,2022-08-23,2023-04-22,0
917,85,41,2022-08-16,2023-08-10,0
918,95,41,2022-08-17,2023-06-08,0
919,145,41,2022-08-14,2023-04-12,0
920,2,41,2022-08-30,NULL,0
921,491,41,2022-09-07,2023-08-19,0
922,187,41,2022-08-22,2023-08-15,0
923,9,41,2022-08-25,2023-04-30,0
924,358,41,2022-08-29,2023-06-16,0
925,79,42,2024-08-24,2025-04-05,0
926,283,42,2024-08-21,2025-07-07,0
927,305,42,2024-08-17,NULL,0
928,348,42,2024-08-24,NULL,0
929,356,42,2024-08-25,2025-07-15,0
930,59,42,2024-08-11,2025-04-25,0
931,392,42,2024-08-27,2025-05-03,0
932,57,42,2024-09-01,2025-07-20,0
933,274,42,2024-08-29,NULL,0
934,429,42,2024-08-21,2025-06-24,0
935,126,42,2024-08-17,2025-06-17,0
936,109,42,2024-08-15,2025-07-17,0
937,260,42,2024-09-02,2025-04-01,0
938,308,42,2024-09-09,2025-06-10,0
939,487,42,2024-08-20,2025-04-05,0
940,381,42,2024-08-15,2025-05-28,0
941,43,43,2024-08-08,2025-07-05,0
942,332,43,2024-08-08,2025-10-01,0
943,351,43,2024-08-19,NULL,0
944,212,43,2024-08-09,2025-05-16,0
945,13,43,2024-08-19,2025-08-07,0
946,316,43,2024-08-06,NULL,0
947,101,43,2024-08-06,2025-07-26,0
948,345,43,2024-08-05,2025-08-23,0
949,140,43,2024-08-25,2025-10-02,0
950,128,43,2024-08-24,2025-04-16,0
951,386,43,2024-08-28,2025-07-05,0
952,36,43,2024-08-09,NULL,0
953,151,43,2024-08-09,2025-05-20,0
954,144,43,2024-08-26,NULL,0
955,252,43,2024-08-24,NULL,0
956,271,43,2024-08-14,2025-05-24,0
957,156,43,2024-08-16,2025-05-29,0
958,378,43,2024-08-15,2025-06-29,0
959,3,43,2024-08-12,NULL,0
960,52,43,2024-08-12,2025-07-26,0
961,344,43,2024-09-01,2025-06-11,0
962,164,43,2024-08-23,2025-06-28,0
963,171,43,2024-08-28,2025-05-26,0
964,197,43,2024-08-31,2025-04-21,0
965,359,43,2024-08-10,2025-05-05,0
966,278,43,2024-08-20,2025-08-13,0
967,306,43,2024-08-06,2025-05-30,0
968,17,43,2024-08-24,NULL,0
969,256,44,2021-08-07,2022-08-14,0
970,103,44,2021-08-29,2022-11-07,0
971,71,44,2021-08-25,2022-12-12,0
972,403,44,2021-09-01,2022-08-03,0
973,95,44,2021-08-27,2022-11-30,0
974,151,44,2021-08-18,2022-08-15,0
975,27,44,2021-08-18,2022-09-13,0
976,364,44,2021-08-27,2022-09-04,0
977,304,44,2021-08-17,2022-07-12,0
978,407,44,2021-08-26,2022-09-18,0
979,83,44,2021-08-18,2022-07-27,0
980,4,44,2021-09-04,2022-12-13,0
981,246,44,2021-09-03,2022-07-07,0
982,32,44,2021-09-02,2022-08-08,0
983,459,44,2021-08-13,2022-11-22,0
984,63,44,2021-08-15,NULL,0
985,262,44,2021-08-13,2022-09-23,0
986,369,44,2021-08-26,2022-08-13,0
987,34,44,2021-08-13,2022-11-07,0
988,73,44,2021-09-02,NULL,0
989,406,44,2021-08-11,2022-11-16,0
990,17,44,2021-08-31,2022-12-19,0
991,443,44,2021-08-21,2022-09-11,0
992,490,44,2021-08-14,2022-10-21,0
993,147,45,2023-09-09,2024-03-10,0
994,143,45,2023-09-02,2024-03-01,0
995,86,45,2023-08-18,2024-06-09,0
996,382,45,2023-08-31,2024-04-13,0
997,163,45,2023-08-24,2024-03-23,0
998,228,45,2023-08-28,2024-05-09,0
999,244,45,2023-09-06,NULL,0
1000,113,45,2023-08-25,2024-06-02,0
1001,438,45,2023-08-25,2024-06-30,0
1002,416,45,2023-08-21,2024-07-30,0
1003,209,45,2023-08-22,2024-07-07,0
1004,496,45,2023-08-17,2024-07-12,0
1005,205,45,2023-08-24,2024-07-03,0
1006,279,45,2023-09-09,NULL,0
1007,303,45,2023-09-07,2024-05-25,0
1008,18,45,2023-09-10,2024-08-05,0
1009,38,45,2023-08-17,2024-05-19,0
1010,296,45,2023-09-02,2024-07-30,0
1011,67,45,2023-09-11,2024-03-18,0
1012,219,45,2023-08-15,2024-07-23,0
1013,298,45,2023-08-18,2024-03-20,0
1014,287,45,2023-08-22,2024-06-27,0
1015,106,45,2023-09-03,2024-07-08,0
1016,178,45,2023-08-29,2024-08-04,0
1017,486,45,2023-08-15,2024-07-06,0
1018,218,45,2023-08-18,NULL,0
1019,375,45,2023-09-03,NULL,0
1020,354,45,2023-08-14,2024-05-10,0
1021,76,45,2023-09-10,2024-07-17,0
1022,319,45,2023-08-27,2024-03-15,0
1023,47,46,2022-08-19,2023-04-22,0
1024,306,46,2022-08-10,2023-04-03,0
1025,458,46,2022-08-09,2023-02-23,0
1026,43,46,2022-09-05,2023-01-24,0
1027,1,46,2022-09-01,2023-05-24,0
1028,467,46,2022-08-15,2023-02-23,0
1029,297,46,2022-09-03,2023-05-06,0
1030,84,46,2022-08-09,2023-07-17,0
1031,231,46,2022-08-17,NULL,0
1032,24,46,2022-08-17,2023-05-30,0
1033,190,46,2022-08-23,2023-05-15,0
1034,362,46,2022-08-24,2023-03-08,0
1035,494,46,2022-08-23,2023-06-16,0
1036,321,46,2022-08-21,NULL,0
1037,260,46,2022-08-29,2023-03-29,0
1038,314,46,2022-08-23,NULL,0
1039,334,46,2022-08-18,2023-01-29,0
1040,363,46,2022-08-18,2023-04-24,0
1041,455,46,2022-09-02,2023-07-15,0
1042,165,46,2022-09-03,2023-06-03,0
1043,135,46,2022-08-09,NULL,0
1044,399,46,2022-08-12,2023-06-01,0
1045,107,46,2022-09-03,2023-06-25,0
1046,148,46,2022-09-03,2023-06-30,0
1047,467,47,2023-08-22,NULL,0
1048,430,47,2023-08-08,2024-08-07,0
1049,362,47,2023-09-01,2024-11-25,0
1050,392,47,2023-08-10,2024-11-17,0
1051,212,47,2023-08-25,2024-10-25,0
1052,415,47,2023-08-15,2024-07-09,0
1053,32,47,2023-08-12,NULL,0
1054,233,47,2023-08-08,2024-07-02,0
1055,359,47,2023-08-24,2024-07-28,0
1056,6,47,2023-08-17,2024-09-05,0
1057,322,47,2023-08-25,2024-09-05,0
1058,309,47,2023-08-25,NULL,0
1059,345,47,2023-09-02,2024-11-27,0
1060,389,47,2023-08-28,NULL,0
1061,498,47,2023-08-10,2024-10-18,0
1062,225,47,2023-08-22,NULL,0
1063,281,47,2023-08-25,2024-08-25,0
1064,103,48,2024-08-14,NULL,0
1065,441,48,2024-09-06,2025-09-18,0
1066,302,48,2024-08-23,2025-10-22,0
1067,470,48,2024-08-31,2025-09-15,0
1068,23,48,2024-08-23,2025-10-21,0
1069,200,48,2024-08-11,2025-08-20,0
1070,47,48,2024-08-09,2025-09-13,0
1071,77,48,2024-08-17,2025-10-21,0
1072,343,48,2024-08-17,NULL,0
1073,449,48,2024-09-04,NULL,0
1074,81,48,2024-08-18,2025-09-26,0
1075,459,48,2024-08-19,NULL,0
1076,277,48,2024-08-11,2025-08-16,0
1077,418,48,2024-08-30,NULL,0
1078,241,48,2024-08-30,2025-09-16,0
1079,426,48,2024-08-24,2025-08-08,0
1080,226,48,2024-08-15,2025-07-27,0
1081,134,48,2024-08-22,2025-12-01,0
1082,377,48,2024-09-02,2025-06-10,0
1083,251,48,2024-08-17,2025-06-25,0
1084,407,48,2024-09-07,2025-10-20,0
1085,364,48,2024-09-04,2025-09-05,0
1086,88,48,2024-08-31,2025-08-11,0
1087,119,48,2024-09-01,2025-11-13,0
1088,327,48,2024-09-05,2025-11-07,0
1089,409,48,2024-08-17,NULL,0
1090,204,48,2024-09-01,NULL,0
1091,31,48,2024-08-18,2025-07-08,0
1092,367,48,2024-09-05,NULL,0
1093,150,48,2024-09-03,2025-11-20,0
1094,92,49,2022-09-05,2023-08-09,0
1095,157,49,2022-08-12,2023-07-15,0
1096,225,49,2022-09-05,2023-05-03,0
1097,259,49,2022-09-06,2023-07-25,0
1098,428,49,2022-09-04,2023-05-03,0
1099,62,49,2022-08-12,2023-06-11,0
1100,415,49,2022-09-07,2023-04-24,0
1101,245,49,2022-08-23,2023-07-29,0
1102,392,49,2022-09-10,NULL,0
1103,287,49,2022-09-06,2023-04-06,0
1104,227,49,2022-08-12,2023-07-14,0
1105,136,49,2022-09-02,2023-06-29,0
1106,61,49,2022-08-13,2023-04-06,0
1107,53,49,2022-08-25,2023-08-09,0
1108,345,49,2022-08-26,2023-04-23,0
1109,351,49,2022-08-24,2023-07-13,0
1110,293,49,2022-08-19,NULL,0
1111,51,49,2022-08-26,2023-08-21,0
1112,228,49,2022-08-12,NULL,0
1113,237,49,2022-08-31,2023-07-17,0
1114,399,50,2020-08-14,2021-12-01,0
1115,408,50,2020-08-23,NULL,0
1116,55,50,2020-08-15,2021-10-08,0
1117,232,50,2020-09-02,NULL,0
1118,334,50,2020-08-21,2021-07-11,0
1119,214,50,2020-09-03,2021-11-04,0
1120,45,50,2020-08-28,2021-06-22,0
1121,291,50,2020-08-10,2021-08-23,0
1122,479,50,2020-08-20,2021-09-29,0
1123,483,50,2020-09-04,2021-06-20,0
1124,181,50,2020-08-25,2021-06-16,0
1125,123,50,2020-08-23,2021-11-20,0
1126,109,50,2020-08-14,2021-11-26,0
1127,349,50,2020-08-08,NULL,0
1128,23,50,2020-08-31,2021-08-04,0
1129,243,50,2020-08-06,2021-07-12,0
1130,17,51,2022-08-07,2023-07-16,0
1131,463,51,2022-08-07,NULL,0
1132,41,51,2022-08-09,2023-07-13,0
1133,235,51,2022-08-29,NULL,0
1134,116,51,2022-08-14,2023-07-12,0
1135,15,51,2022-08-06,NULL,0
1136,158,51,2022-08-26,2023-09-19,0
1137,307,51,2022-08-27,2023-05-21,0
1138,21,51,2022-08-24,2023-08-05,0
1139,444,51,2022-08-27,2023-09-09,0
1140,138,51,2022-08-27,2023-09-16,0
1141,410,51,2022-08-31,2023-09-29,0
1142,395,51,2022-08-13,2023-05-31,0
1143,42,51,2022-09-01,NULL,0
1144,210,51,2022-08-30,2023-06-05,0
1145,298,51,2022-08-03,2023-10-04,0
1146,75,51,2022-08-14,NULL,0
1147,414,51,2022-08-19,2023-08-20,0
1148,284,51,2022-08-10,2023-05-27,0
1149,32,51,2022-08-12,2023-08-14,0
1150,409,51,2022-08-19,2023-06-04,0
1151,498,51,2022-08-13,2023-09-20,0
1152,46,51,2022-08-27,2023-09-24,0
1153,50,51,2022-08-30,2023-07-07,0
1154,240,51,2022-08-21,2023-09-10,0
1155,288,51,2022-08-25,2023-09-03,0
1156,396,51,2022-08-29,2023-09-06,0
1157,299,51,2022-08-16,2023-09-28,0
1158,100,51,2022-08-11,2023-05-04,0
1159,464,51,2022-08-26,2023-05-29,0
1160,273,52,2022-08-11,2023-09-19,0
1161,98,52,2022-08-21,2023-09-13,0
1162,89,52,2022-09-02,2023-08-20,0
1163,373,52,2022-09-01,2023-08-20,0
1164,29,52,2022-09-01,2023-09-11,0
1165,33,52,2022-08-12,2023-07-24,0
1166,361,52,2022-09-06,2023-09-30,0
1167,193,52,2022-09-07,NULL,0
1168,150,52,2022-09-04,2023-11-01,0
1169,112,52,2022-08-25,2023-09-01,0
1170,239,52,2022-09-04,2023-07-17,0
1171,133,52,2022-08-19,2023-08-06,0
1172,177,52,2022-09-02,2023-06-06,0
1173,341,52,2022-08-17,2023-08-08,0
1174,446,52,2022-09-04,2023-09-25,0
1175,429,52,2022-08-25,2023-08-24,0
1176,249,52,2022-09-01,NULL,0
1177,488,52,2022-08-20,2023-11-08,0
1178,60,52,2022-08-20,NULL,0
1179,418,52,2022-08-21,NULL,0
1180,487,52,2022-08-12,2023-09-11,0
1181,291,52,2022-08-12,2023-07-23,0
1182,497,52,2022-08-21,2023-09-24,0
1183,492,52,2022-08-31,2023-09-15,0
1184,439,52,2022-08-16,NULL,0
1185,16,52,2022-09-01,2023-10-24,0
1186,269,52,2022-09-01,NULL,0
1187,280,52,2022-08-21,NULL,0
1188,67,52,2022-08-10,2023-05-30,0
1189,40,52,2022-08-26,NULL,0
1190,330,53,2023-08-08,2024-05-18,0
1191,350,53,2023-08-27,2024-05-24,0
1192,22,53,2023-08-11,NULL,0
1193,295,53,2023-08-31,2024-06-10,0
1194,372,53,2023-08-26,2024-08-17,0
1195,270,53,2023-08-08,2024-07-18,0
1196,335,53,2023-08-17,2024-07-05,0
1197,494,53,2023-08-26,2024-06-26,0
1198,63,53,2023-08-11,2024-09-02,0
1199,320,53,2023-08-31,NULL,0
1200,344,53,2023-08-29,2024-09-16,0
1201,166,53,2023-08-21,2024-06-07,0
1202,53,53,2023-08-18,2024-09-18,0
1203,394,53,2023-08-12,2024-05-16,0
1204,8,53,2023-08-06,2024-08-29,0
1205,492,53,2023-08-03,2024-04-07,0
1206,34,54,2019-08-27,2020-05-03,0
1207,79,54,2019-09-11,2020-05-21,0
1208,284,54,2019-08-29,2020-07-06,0
1209,273,54,2019-08-17,2020-07-08,0
1210,343,54,2019-08-22,NULL,0
1211,460,54,2019-08-15,2020-07-30,0
1212,27,54,2019-09-01,2020-08-18,0
1213,130,54,2019-08-18,NULL,0
1214,480,54,2019-08-15,2020-06-19,0
1215,410,54,2019-09-10,2020-04-08,0
1216,42,54,2019-09-03,NULL,0
1217,411,54,2019-09-10,2020-05-03,0
1218,152,54,2019-09-09,2020-06-29,0
1219,97,54,2019-09-08,NULL,0
1220,252,54,2019-08-27,NULL,0
1221,183,54,2019-09-12,2020-08-15,0
1222,399,54,2019-08-26,NULL,0
1223,81,54,2019-08-28,2020-06-15,0
1224,481,54,2019-08-20,2020-05-07,0
1225,350,54,2019-09-06,2020-04-22,0
1226,427,54,2019-08-17,NULL,0
1227,158,54,2019-08-23,2020-07-20,0
1228,172,54,2019-09-02,2020-05-16,0
1229,243,54,2019-08-28,2020-08-19,0
1230,263,54,2019-08-27,NULL,0
1231,200,54,2019-08-29,2020-07-17,0
1232,197,55,2020-09-05,NULL,0
1233,110,55,2020-08-19,NULL,0
1234,168,55,2020-08-16,2021-07-02,0
1235,148,55,2020-09-07,2021-07-23,0
1236,316,55,2020-08-23,2021-07-08,0
1237,248,55,2020-08-30,2021-09-23,0
1238,187,55,2020-08-19,2021-07-23,0
1239,28,55,2020-08-30,2021-08-25,0
1240,96,55,2020-08-24,NULL,0
1241,233,55,2020-08-24,2021-05-09,0
1242,184,55,2020-08-29,NULL,0
1243,299,55,2020-08-17,2021-08-28,0
1244,107,55,2020-08-12,2021-05-04,0
1245,406,55,2020-08-18,2021-09-09,0
1246,104,55,2020-08-31,2021-07-17,0
1247,468,55,2020-08-26,NULL,0
1248,352,55,2020-08-17,NULL,0
1249,185,55,2020-08-23,2021-09-24,0
1250,117,55,2020-08-18,NULL,0
1251,227,56,2024-09-08,2025-08-18,0
1252,437,56,2024-08-20,2025-05-18,0
1253,65,56,2024-08-25,2025-08-29,0
1254,465,56,2024-08-31,2025-09-03,0
1255,309,56,2024-09-09,NULL,0
1256,27,56,2024-08-30,2025-08-13,0
1257,82,56,2024-08-30,2025-04-29,0
1258,431,56,2024-09-01,2025-07-13,0
1259,360,56,2024-08-27,NULL,0
1260,67,56,2024-09-08,2025-08-17,0
1261,208,56,2024-08-18,NULL,0
1262,19,56,2024-08-16,2025-06-06,0
1263,259,56,2024-08-16,2025-08-12,0
1264,399,56,2024-08-18,NULL,0
1265,142,56,2024-09-06,NULL,0
1266,295,56,2024-08-22,2025-06-18,0
1267,236,56,2024-09-01,2025-09-07,0
1268,55,56,2024-08-31,2025-09-24,0
1269,217,56,2024-08-17,2025-04-27,0
1270,39,56,2024-08-28,2025-07-04,0
1271,394,56,2024-08-28,2025-08-22,0
1272,411,56,2024-08-19,2025-05-31,0
1273,127,56,2024-09-04,2025-08-01,0
1274,380,56,2024-09-01,2025-05-06,0
1275,347,56,2024-08-15,NULL,0
1276,492,56,2024-08-15,2025-08-30,0
1277,183,56,2024-08-24,2025-06-22,0
1278,129,56,2024-09-10,2025-06-04,0
1279,18,56,2024-09-02,2025-10-06,0
1280,95,57,2019-08-20,2020-03-19,0
1281,237,57,2019-08-20,2020-04-10,0
1282,334,57,2019-08-30,2020-05-24,0
1283,143,57,2019-08-11,NULL,0
1284,390,57,2019-08-15,2020-06-18,0
1285,201,57,2019-08-26,2020-06-11,0
1286,19,57,2019-08-07,2020-04-01,0
1287,93,57,2019-08-04,2020-07-03,0
1288,223,57,2019-08-06,2020-07-03,0
1289,391,57,2019-08-09,2020-02-03,0
1290,47,57,2019-08-14,2020-02-15,0
1291,479,57,2019-08-31,2020-03-22,0
1292,296,57,2019-08-20,2020-04-24,0
1293,465,57,2019-08-21,NULL,0
1294,379,57,2019-08-26,2020-02-18,0
1295,451,57,2019-08-15,2020-02-27,0
1296,347,57,2019-08-06,NULL,0
1297,210,57,2019-08-12,2020-05-23,0
1298,500,57,2019-08-04,2020-05-30,0
1299,372,57,2019-08-09,2020-02-08,0
1300,305,57,2019-08-18,2020-01-29,0
1301,406,57,2019-08-28,NULL,0
1302,462,57,2019-08-02,2020-04-08,0
1303,11,57,2019-08-22,2020-02-14,0
1304,131,57,2019-08-05,2020-06-10,0
1305,39,57,2019-08-15,2020-04-06,0
1306,119,57,2019-08-26,2020-01-17,0
1307,260,57,2019-08-08,NULL,0
1308,363,57,2019-08-24,2020-07-05,0
1309,102,57,2019-08-27,2020-03-28,0
1310,172,58,2024-08-10,2025-06-05,0
1311,105,58,2024-08-30,2025-06-13,0
1312,61,58,2024-08-14,2025-10-21,0
1313,321,58,2024-09-02,2025-07-10,0
1314,84,58,2024-09-03,2025-05-27,0
1315,60,58,2024-09-06,2025-07-30,0
1316,15,58,2024-08-21,2025-06-30,0
1317,369,58,2024-08-12,2025-10-23,0
1318,325,58,2024-09-01,2025-06-06,0
1319,38,58,2024-09-05,NULL,0
1320,157,58,2024-08-15,2025-07-14,0
1321,78,58,2024-08-17,2025-07-31,0
1322,29,58,2024-09-03,NULL,0
1323,488,58,2024-08-22,2025-06-14,0
1324,390,58,2024-08-10,2025-09-26,0
1325,442,58,2024-08-12,2025-08-21,0
1326,49,58,2024-08-17,2025-09-09,0
1327,358,58,2024-08-18,NULL,0
1328,97,58,2024-09-03,NULL,0
1329,297,59,2020-08-15,2021-07-05,0
1330,147,59,2020-08-31,2021-05-27,0
1331,362,59,2020-08-11,2021-03-31,0
1332,158,59,2020-08-10,NULL,0
1333,284,59,2020-08-23,NULL,0
1334,74,59,2020-08-27,2021-09-02,0
1335,222,59,2020-08-23,2021-06-23,0
1336,81,59,2020-08-24,2021-09-03,0
1337,323,59,2020-09-05,2021-06-23,0
1338,73,59,2020-08-26,2021-04-09,0
1339,365,59,2020-08-15,NULL,0
1340,87,59,2020-09-02,2021-05-03,0
1341,344,59,2020-08-28,2021-06-25,0
1342,257,59,2020-09-04,2021-06-30,0
1343,487,59,2020-08-15,2021-08-09,0
1344,202,59,2020-08-20,2021-08-25,0
1345,388,59,2020-08-26,2021-08-31,0
1346,500,59,2020-08-19,NULL,0
1347,24,59,2020-08-23,2021-04-20,0
1348,51,59,2020-08-14,2021-04-14,0
1349,231,59,2020-08-30,2021-05-12,0
1350,343,59,2020-08-18,NULL,0
1351,76,59,2020-09-07,2021-03-27,0
1352,272,59,2020-08-12,2021-09-03,0
1353,200,59,2020-09-07,NULL,0
1354,318,59,2020-08-26,2021-06-05,0
1355,420,59,2020-09-03,2021-08-20,0
1356,47,60,2020-08-08,NULL,0
1357,494,60,2020-08-24,2021-04-23,0
1358,393,60,2020-08-22,2021-01-25,0
1359,377,60,2020-08-31,2021-04-04,0
1360,355,60,2020-08-08,2021-05-22,0
1361,152,60,2020-08-23,2021-04-26,0
1362,225,60,2020-08-21,2021-06-11,0
1363,380,60,2020-08-15,2021-06-07,0
1364,375,60,2020-08-15,2021-05-17,0
1365,384,60,2020-08-21,2021-02-26,0
1366,194,60,2020-08-20,2021-03-25,0
1367,412,60,2020-08-21,2021-04-23,0
1368,263,60,2020-08-17,2021-03-30,0
1369,411,60,2020-08-26,2021-06-17,0
1370,415,60,2020-09-04,2021-04-20,0
1371,10,60,2020-08-25,NULL,0
1372,18,60,2020-08-18,2021-06-26,0
1373,324,60,2020-08-26,2021-05-06,0
1374,212,61,2022-08-29,NULL,0
1375,255,61,2022-09-06,2023-05-05,0
1376,209,61,2022-08-27,2023-03-27,0
1377,38,61,2022-09-02,2023-03-28,0
1378,422,61,2022-08-27,2023-05-10,0
1379,151,61,2022-09-11,2023-02-26,0
1380,154,61,2022-09-04,2023-06-24,0
1381,147,61,2022-09-04,2023-03-22,0
1382,413,61,2022-09-03,NULL,0
1383,191,61,2022-09-08,2023-01-24,0
1384,376,61,2022-08-19,NULL,0
1385,59,61,2022-09-08,2023-01-17,0
1386,437,61,2022-09-05,NULL,0
1387,45,61,2022-09-02,NULL,0
1388,189,61,2022-08-26,2023-01-28,0
1389,77,61,2022-08-23,NULL,0
1390,206,61,2022-09-11,2023-03-15,0
1391,109,61,2022-09-12,2023-05-20,0
1392,12,61,2022-08-30,2023-04-03,0
1393,337,61,2022-08-20,2023-03-23,0
1394,196,61,2022-08-29,NULL,0
1395,22,61,2022-09-01,2023-03-26,0
1396,289,61,2022-09-08,2023-03-10,0
1397,421,61,2022-08-26,2023-06-25,0
1398,264,61,2022-08-21,2023-01-09,0
1399,364,61,2022-08-25,2023-02-21,0
1400,164,62,2020-08-29,2021-04-30,0
1401,371,62,2020-09-05,2021-05-30,0
1402,211,62,2020-08-22,2021-07-01,0
1403,431,62,2020-08-23,2021-03-21,0
1404,481,62,2020-08-30,2021-04-15,0
1405,339,62,2020-09-05,2021-05-22,0
1406,451,62,2020-08-15,2021-08-23,0
1407,492,62,2020-08-09,2021-07-14,0
1408,38,62,2020-08-11,2021-04-02,0
1409,423,62,2020-08-26,2021-03-28,0
1410,156,62,2020-08-08,NULL,0
1411,285,62,2020-08-08,2021-08-27,0
1412,367,62,2020-08-08,2021-04-16,0
1413,113,62,2020-08-29,2021-07-18,0
1414,183,62,2020-08-07,2021-08-29,0
1415,116,62,2020-08-10,2021-07-24,0
1416,240,62,2020-08-28,2021-04-04,0
1417,320,62,2020-08-29,2021-05-31,0
1418,255,62,2020-08-26,NULL,0
1419,40,62,2020-08-13,2021-05-11,0
1420,499,62,2020-08-07,2021-04-17,0
1421,159,62,2020-09-02,2021-05-21,0
1422,321,62,2020-08-22,2021-08-09,0
1423,209,62,2020-09-04,2021-06-15,0
1424,227,62,2020-08-14,NULL,0
1425,122,62,2020-08-26,2021-07-11,0
1426,201,62,2020-08-15,2021-05-22,0
1427,472,62,2020-08-08,2021-04-18,0
1428,179,62,2020-08-25,2021-06-14,0
1429,315,62,2020-08-10,2021-08-24,0
1430,491,63,2023-08-09,NULL,0
1431,37,63,2023-08-09,NULL,0
1432,500,63,2023-08-30,2024-05-16,0
1433,173,63,2023-08-29,2024-04-27,0
1434,181,63,2023-08-09,2024-06-06,0
1435,408,63,2023-08-10,NULL,0
1436,271,63,2023-08-18,2024-03-25,0
1437,222,63,2023-08-30,NULL,0
1438,475,63,2023-08-12,2024-07-20,0
1439,257,63,2023-08-23,2024-06-10,0
1440,85,63,2023-08-16,2024-04-11,0
1441,397,63,2023-08-12,2024-05-22,0
1442,170,63,2023-08-22,2024-07-02,0
1443,324,63,2023-08-19,2024-08-04,0
1444,273,63,2023-08-15,2024-09-10,0
1445,5,63,2023-09-07,2024-08-28,0
1446,384,64,2024-09-06,2025-07-04,0
1447,138,64,2024-08-17,2025-05-03,0
1448,2,64,2024-08-29,2025-07-21,0
1449,353,64,2024-08-14,2025-09-05,0
1450,192,64,2024-09-04,2025-04-17,0
1451,268,64,2024-08-13,2025-09-15,0
1452,273,64,2024-08-22,2025-05-04,0
1453,479,64,2024-08-28,2025-10-08,0
1454,93,64,2024-08-15,2025-07-23,0
1455,120,64,2024-08-23,2025-06-17,0
1456,163,64,2024-09-07,2025-07-15,0
1457,235,64,2024-09-06,NULL,0
1458,433,64,2024-09-08,2025-08-24,0
1459,137,64,2024-08-29,2025-08-06,0
1460,495,64,2024-08-16,2025-05-12,0
1461,357,64,2024-09-04,2025-05-30,0
1462,275,64,2024-08-15,NULL,0
1463,391,64,2024-09-03,2025-08-16,0
1464,408,64,2024-08-30,2025-06-03,0
1465,245,64,2024-08-23,2025-06-23,0
1466,360,65,2019-08-20,2020-06-23,0
1467,164,65,2019-09-09,2020-06-18,0
1468,355,65,2019-09-02,NULL,0
1469,129,65,2019-08-28,NULL,0
1470,21,65,2019-08-24,NULL,0
1471,259,65,2019-08-18,2020-06-16,0
1472,238,65,2019-09-12,2020-11-10,0
1473,209,65,2019-08-31,2020-09-14,0
1474,395,65,2019-08-22,2020-10-26,0
1475,220,65,2019-09-11,2020-08-10,0
1476,326,65,2019-09-07,2020-08-30,0
1477,402,65,2019-08-15,2020-06-27,0
1478,70,65,2019-09-02,2020-09-23,0
1479,7,65,2019-09-08,2020-08-24,0
1480,409,65,2019-09-11,NULL,0
1481,121,65,2019-08-28,NULL,0
1482,285,65,2019-08-17,2020-09-05,0
1483,344,65,2019-08-14,2020-08-11,0
1484,191,65,2019-08-24,NULL,0
1485,336,65,2019-08-14,2020-08-24,0
1486,362,65,2019-08-30,NULL,0
1487,468,66,2024-08-18,2025-08-03,0
1488,176,66,2024-08-29,2025-08-18,0
1489,424,66,2024-08-05,2025-08-09,0
1490,54,66,2024-08-09,2025-09-04,0
1491,211,66,2024-08-14,NULL,0
1492,493,66,2024-08-14,2025-06-28,0
1493,484,66,2024-08-16,2025-08-12,0
1494,135,66,2024-08-19,NULL,0
1495,107,66,2024-08-25,2025-12-17,0
1496,24,66,2024-08-29,NULL,0
1497,250,66,2024-09-01,2025-12-18,0
1498,153,66,2024-08-29,2025-11-25,0
1499,102,66,2024-08-03,NULL,0
1500,354,66,2024-08-06,2025-07-04,0
1501,249,66,2024-08-30,2025-12-12,0
1502,233,66,2024-08-17,2025-09-03,0
1503,62,66,2024-08-13,2025-09-19,0
1504,432,66,2024-08-31,2025-10-20,0
1505,257,66,2024-08-22,NULL,0
1506,25,66,2024-08-09,NULL,0
1507,242,66,2024-08-07,2025-08-20,0
1508,193,66,2024-08-05,2025-12-08,0
1509,450,66,2024-08-23,2025-07-11,0
1510,286,66,2024-08-09,2025-11-28,0
1511,254,66,2024-08-20,2025-08-31,0
1512,204,67,2020-09-02,2021-05-29,0
1513,347,67,2020-08-24,2021-07-22,0
1514,67,67,2020-08-26,2021-06-07,0
1515,13,67,2020-08-14,2021-04-07,0
1516,171,67,2020-08-26,2021-03-14,0
1517,131,67,2020-09-07,2021-06-17,0
1518,331,67,2020-08-18,2021-08-13,0
1519,350,67,2020-08-17,2021-06-25,0
1520,252,67,2020-08-23,2021-07-03,0
1521,124,67,2020-09-06,2021-06-10,0
1522,93,67,2020-09-06,NULL,0
1523,262,67,2020-08-24,2021-03-23,0
1524,435,67,2020-08-18,NULL,0
1525,382,67,2020-08-13,2021-06-08,0
1526,269,67,2020-08-30,2021-07-10,0
1527,103,67,2020-09-06,NULL,0
1528,307,67,2020-08-23,2021-06-07,0
1529,75,67,2020-08-26,2021-08-07,0
1530,313,67,2020-08-16,2021-04-24,0
1531,448,67,2020-08-28,2021-03-11,0
1532,83,68,2023-08-27,NULL,0
1533,351,68,2023-08-10,NULL,0
1534,132,68,2023-08-31,2024-09-10,0
1535,134,68,2023-08-29,NULL,0
1536,297,68,2023-09-03,2024-04-13,0
1537,34,68,2023-09-06,2024-04-12,0
1538,59,68,2023-09-01,2024-08-04,0
1539,318,68,2023-08-15,2024-09-24,0
1540,223,68,2023-08-14,2024-08-11,0
1541,236,68,2023-08-28,2024-09-13,0
1542,453,68,2023-08-26,2024-10-02,0
1543,346,68,2023-08-16,2024-06-25,0
1544,341,68,2023-09-04,2024-04-12,0
1545,484,68,2023-08-31,2024-04-13,0
1546,197,68,2023-08-15,NULL,0
1547,154,69,2024-08-29,2025-02-27,0
1548,307,69,2024-08-30,2025-04-02,0
1549,400,69,2024-08-10,2025-06-26,0
1550,108,69,2024-08-18,2025-06-17,0
1551,178,69,2024-08-15,2025-05-08,0
1552,298,69,2024-08-15,NULL,0
1553,491,69,2024-08-21,2025-02-24,0
1554,385,69,2024-08-30,2025-06-12,0
1555,461,69,2024-08-20,NULL,0
1556,340,69,2024-08-10,2025-07-13,0
1557,143,69,2024-08-24,2025-06-04,0
1558,64,69,2024-08-18,2025-07-28,0
1559,213,69,2024-08-04,2025-06-26,0
1560,448,69,2024-08-26,2025-07-07,0
1561,303,69,2024-09-02,2025-05-13,0
1562,192,70,2022-08-15,2023-12-13,0
1563,472,70,2022-08-21,NULL,0
1564,312,70,2022-08-04,NULL,0
1565,352,70,2022-08-10,2023-09-04,0
1566,91,70,2022-08-08,2023-10-05,0
1567,367,70,2022-08-05,NULL,0
1568,454,70,2022-08-11,2023-10-19,0
1569,253,70,2022-08-06,NULL,0
1570,330,70,2022-08-26,2023-09-01,0
1571,320,70,2022-08-09,2023-12-08,0
1572,13,70,2022-08-16,2023-08-11,0
1573,118,70,2022-08-26,2023-07-16,0
1574,207,70,2022-08-06,2023-10-25,0
1575,137,70,2022-08-22,2023-11-10,0
1576,350,70,2022-08-30,NULL,0
1577,324,70,2022-08-20,NULL,0
1578,166,70,2022-08-20,2023-08-04,0
1579,64,71,2022-08-12,2023-10-07,0
1580,276,71,2022-08-13,2023-10-02,0
1581,360,71,2022-09-06,2023-08-04,0
1582,96,71,2022-08-15,2023-05-12,0
1583,499,71,2022-09-06,2023-09-17,0
1584,175,71,2022-08-15,NULL,0
1585,99,71,2022-09-06,NULL,0
1586,453,71,2022-09-08,2023-05-26,0
1587,174,71,2022-08-20,2023-06-05,0
1588,400,71,2022-08-11,2023-06-27,0
1589,200,71,2022-08-18,2023-08-21,0
1590,277,71,2022-08-25,2023-05-09,0
1591,283,71,2022-09-05,2023-07-08,0
1592,44,71,2022-08-14,2023-06-04,0
1593,452,71,2022-08-26,NULL,0
1594,211,71,2022-08-16,2023-06-15,0
1595,312,72,2020-08-24,2021-05-07,0
1596,268,72,2020-08-21,2021-04-04,0
1597,469,72,2020-08-13,NULL,0
1598,149,72,2020-08-30,NULL,0
1599,66,72,2020-09-02,NULL,0
1600,253,72,2020-08-12,2021-08-06,0
1601,351,72,2020-08-25,2021-09-16,0
1602,394,72,2020-08-12,2021-06-11,0
1603,332,72,2020-08-11,2021-06-22,0
1604,230,72,2020-09-03,NULL,0
1605,132,72,2020-08-06,2021-05-02,0
1606,400,72,2020-08-12,2021-09-06,0
1607,212,72,2020-08-28,NULL,0
1608,119,72,2020-08-15,2021-09-08,0
1609,404,72,2020-08-20,2021-09-08,0
1610,392,72,2020-08-22,2021-06-11,0
1611,390,72,2020-09-01,2021-06-19,0
1612,438,72,2020-08-22,2021-04-27,0
1613,335,72,2020-08-18,NULL,0
1614,20,72,2020-08-25,2021-08-03,0
1615,203,72,2020-08-17,2021-06-21,0
1616,58,72,2020-08-10,2021-03-31,0
1617,366,72,2020-09-03,NULL,0
1618,3,72,2020-08-17,2021-05-26,0
1619,330,72,2020-08-08,2021-07-12,0
1620,386,72,2020-08-18,2021-04-10,0
1621,244,72,2020-08-08,2021-09-02,0
1622,446,72,2020-08-18,2021-04-07,0
1623,25,72,2020-08-10,2021-04-26,0
1624,30,72,2020-08-20,2021-03-27,0
1625,261,73,2023-08-19,NULL,0
1626,183,73,2023-08-17,2024-05-26,0
1627,471,73,2023-08-21,2024-08-18,0
1628,459,73,2023-08-14,2024-08-16,0
1629,435,73,2023-08-05,2024-09-11,0
1630,482,73,2023-08-12,2024-08-27,0
1631,182,73,2023-08-10,NULL,0
1632,268,73,2023-08-17,2024-08-21,0
1633,237,73,2023-08-06,2024-09-13,0
1634,221,73,2023-08-28,2024-09-01,0
1635,465,73,2023-08-28,NULL,0
1636,108,73,2023-08-16,NULL,0
1637,300,73,2023-08-29,2024-08-31,0
1638,425,73,2023-08-17,2024-06-16,0
1639,192,73,2023-08-15,2024-06-06,0
1640,78,73,2023-08-13,NULL,0
1641,254,73,2023-08-29,2024-09-30,0
1642,423,73,2023-08-23,2024-06-15,0
1643,473,73,2023-08-29,2024-08-10,0
1644,151,73,2023-08-23,2024-05-14,0
1645,277,73,2023-08-07,2024-10-04,0
1646,367,73,2023-08-19,2024-07-24,0
1647,74,73,2023-08-04,2024-06-22,0
1648,116,73,2023-08-06,2024-05-07,0
1649,338,73,2023-08-29,2024-05-24,0
1650,329,73,2023-08-05,2024-09-07,0
1651,60,73,2023-08-14,2024-08-30,0
1652,70,73,2023-08-04,2024-08-11,0
1653,45,73,2023-08-17,NULL,0
1654,416,74,2020-08-10,2021-05-28,0
1655,63,74,2020-09-06,NULL,0
1656,265,74,2020-08-10,2021-03-22,0
1657,322,74,2020-08-18,2021-02-21,0
1658,239,74,2020-08-16,2021-06-20,0
1659,414,74,2020-08-13,2021-03-30,0
1660,236,74,2020-08-21,2021-06-23,0
1661,348,74,2020-08-21,2021-06-17,0
1662,235,74,2020-08-21,2021-01-23,0
1663,69,74,2020-08-20,2021-05-11,0
1664,460,74,2020-08-22,NULL,0
1665,389,74,2020-09-04,2021-05-26,0
1666,161,74,2020-09-02,NULL,0
1667,35,74,2020-08-30,2021-03-13,0
1668,433,74,2020-08-12,2021-06-07,0
1669,314,74,2020-08-24,2021-05-26,0
1670,207,74,2020-08-19,2021-06-09,0
1671,190,74,2020-09-06,2021-01-15,0
1672,108,74,2020-08-28,2021-04-26,0
1673,470,75,2023-09-01,NULL,0
1674,265,75,2023-08-20,2024-08-25,0
1675,334,75,2023-08-31,2024-04-04,0
1676,215,75,2023-09-01,2024-06-10,0
1677,72,75,2023-09-06,2024-06-11,0
1678,94,75,2023-09-02,2024-04-20,0
1679,82,75,2023-09-09,2024-08-20,0
1680,487,75,2023-08-23,2024-07-29,0
1681,144,75,2023-08-17,2024-04-19,0
1682,245,75,2023-09-02,2024-07-17,0
1683,123,75,2023-08-24,2024-07-22,0
1684,155,75,2023-09-10,2024-05-19,0
1685,214,75,2023-08-12,NULL,0
1686,71,75,2023-09-02,2024-08-18,0
1687,129,75,2023-08-20,2024-08-10,0
1688,275,76,2022-08-20,NULL,0
1689,380,76,2022-09-09,2023-05-16,0
1690,412,76,2022-09-01,2023-07-06,0
1691,79,76,2022-08-28,NULL,0
1692,451,76,2022-08-14,2023-06-11,0
1693,171,76,2022-08-14,2023-01-24,0
1694,120,76,2022-09-04,2023-06-06,0
1695,342,76,2022-09-07,2023-04-24,0
1696,480,76,2022-08-18,2023-02-17,0
1697,141,76,2022-08-17,2023-03-25,0
1698,220,76,2022-08-12,2023-06-18,0
1699,479,76,2022-08-24,NULL,0
1700,389,76,2022-08-30,NULL,0
1701,490,76,2022-08-30,2023-05-08,0
1702,417,76,2022-09-01,2023-04-05,0
1703,36,76,2022-08-30,2023-06-15,0
1704,4,76,2022-08-30,2023-07-09,0
1705,430,76,2022-09-05,2023-01-13,0
1706,263,76,2022-08-21,2023-01-15,0
1707,390,77,2023-08-12,NULL,0
1708,455,77,2023-08-22,2024-11-28,0
1709,373,77,2023-08-13,2024-08-19,0
1710,64,77,2023-08-26,NULL,0
1711,58,77,2023-08-22,2024-10-28,0
1712,23,77,2023-08-05,2024-11-26,0
1713,419,77,2023-08-27,2024-12-04,0
1714,111,77,2023-08-21,2024-09-03,0
1715,331,77,2023-08-15,2024-08-06,0
1716,353,77,2023-08-16,2024-11-15,0
1717,336,77,2023-08-12,2024-11-15,0
1718,366,77,2023-08-28,2024-07-26,0
1719,160,77,2023-08-10,2024-08-29,0
1720,7,77,2023-08-04,2024-08-21,0
1721,434,77,2023-08-05,2024-09-02,0
1722,348,77,2023-08-27,NULL,0
1723,175,77,2023-09-02,NULL,0
1724,200,77,2023-08-11,2024-11-28,0
1725,14,77,2023-08-25,2024-10-18,0
1726,255,77,2023-09-02,NULL,0
1727,436,78,2023-08-17,2024-04-03,0
1728,479,78,2023-08-11,2024-05-16,0
1729,158,78,2023-08-30,2024-03-12,0
1730,210,78,2023-08-30,2024-06-17,0
1731,431,78,2023-08-15,2024-03-20,0
1732,199,78,2023-08-18,2024-02-11,0
1733,136,78,2023-08-11,2024-03-05,0
1734,50,78,2023-08-30,2024-07-01,0
1735,340,78,2023-08-20,2024-05-24,0
1736,251,78,2023-08-27,NULL,0
1737,231,78,2023-08-22,2024-04-17,0
1738,243,78,2023-08-14,2024-02-19,0
1739,177,78,2023-08-25,2024-04-19,0
1740,387,78,2023-08-14,2024-04-17,0
1741,20,78,2023-08-24,2024-02-10,0
1742,447,78,2023-08-16,2024-05-14,0
1743,426,79,2019-08-31,2020-06-18,0
1744,111,79,2019-08-27,NULL,0
1745,74,79,2019-08-09,2020-03-07,0
1746,51,79,2019-08-20,2020-06-22,0
1747,29,79,2019-08-06,2020-03-30,0
1748,354,79,2019-08-24,2020-08-24,0
1749,299,79,2019-08-09,2020-07-15,0
1750,55,79,2019-08-24,2020-04-01,0
1751,123,79,2019-08-31,2020-03-22,0
1752,423,79,2019-08-16,2020-04-23,0
1753,46,79,2019-08-06,2020-08-15,0
1754,288,79,2019-08-18,2020-06-20,0
1755,414,79,2019-08-19,2020-06-26,0
1756,88,79,2019-08-29,2020-03-16,0
1757,41,79,2019-09-02,2020-08-01,0
1758,279,79,2019-08-21,2020-08-18,0
1759,357,79,2019-08-10,2020-08-01,0
1760,373,79,2019-08-06,2020-04-11,0
1761,342,80,2024-08-27,NULL,0
1762,248,80,2024-08-13,NULL,0
1763,417,80,2024-08-08,2025-07-01,0
1764,264,80,2024-08-12,2025-11-07,0
1765,230,80,2024-08-19,2025-08-06,0
1766,285,80,2024-08-06,2025-08-07,0
1767,9,80,2024-08-14,2025-08-06,0
1768,372,80,2024-08-28,2025-05-24,0
1769,413,80,2024-08-18,2025-05-14,0
1770,445,80,2024-08-13,2025-07-11,0
1771,454,80,2024-08-19,2025-07-14,0
1772,122,80,2024-08-18,2025-08-06,0
1773,44,80,2024-08-08,2025-07-05,0
1774,191,80,2024-08-21,2025-05-15,0
1775,362,80,2024-08-22,2025-08-13,0
1776,398,80,2024-09-02,2025-06-19,0
1777,42,80,2024-08-24,2025-10-22,0
1778,314,80,2024-08-15,NULL,0
1779,266,80,2024-08-22,2025-05-21,0
1780,98,81,2020-08-30,NULL,0
1781,142,81,2020-08-31,2021-07-18,0
1782,85,81,2020-08-15,2021-05-28,0
1783,111,81,2020-08-24,NULL,0
1784,134,81,2020-08-21,NULL,0
1785,429,81,2020-08-12,2021-05-15,0
1786,173,81,2020-09-05,NULL,0
1787,477,81,2020-09-05,2021-06-03,0
1788,302,81,2020-08-23,2021-07-19,0
1789,125,81,2020-08-30,2021-09-24,0
1790,86,81,2020-09-02,NULL,0
1791,7,81,2020-08-16,2021-06-02,0
1792,476,81,2020-08-13,2021-05-23,0
1793,42,81,2020-08-30,2021-09-23,0
1794,473,81,2020-08-15,2021-05-17,0
1795,396,81,2020-08-13,2021-09-11,0
1796,65,81,2020-08-12,2021-05-05,0
1797,196,81,2020-08-15,2021-10-01,0
1798,378,81,2020-08-21,2021-08-23,0
1799,458,81,2020-08-28,2021-09-27,0
1800,46,81,2020-08-16,2021-08-20,0
1801,179,82,2024-08-15,2025-10-13,0
1802,301,82,2024-08-23,2025-11-18,0
1803,329,82,2024-09-07,2025-11-28,0
1804,446,82,2024-08-29,2025-10-19,0
1805,419,82,2024-08-26,2025-10-27,0
1806,422,82,2024-08-29,2025-06-28,0
1807,414,82,2024-09-03,2025-08-28,0
1808,258,82,2024-08-19,2025-07-13,0
1809,361,82,2024-08-30,NULL,0
1810,40,82,2024-08-23,2025-07-12,0
1811,207,82,2024-08-14,2025-08-19,0
1812,215,82,2024-09-05,2025-09-22,0
1813,401,82,2024-09-07,2025-09-15,0
1814,104,82,2024-09-02,2025-08-25,0
1815,467,82,2024-08-30,2025-12-13,0
1816,382,82,2024-08-12,2025-11-23,0
1817,124,82,2024-09-04,NULL,0
1818,189,82,2024-08-15,2025-11-08,0
1819,106,82,2024-08-10,2025-09-06,0
1820,166,82,2024-08-30,NULL,0
1821,210,82,2024-08-14,NULL,0
1822,185,82,2024-08-27,NULL,0
1823,267,82,2024-08-15,2025-10-20,0
1824,72,82,2024-08-19,2025-07-30,0
1825,180,82,2024-08-12,2025-08-19,0
1826,131,82,2024-08-16,2025-10-21,0
1827,262,82,2024-09-01,2025-11-10,0
1828,46,82,2024-08-15,2025-10-18,0
1829,68,82,2024-08-29,2025-09-10,0
1830,226,83,2023-08-07,2024-06-07,0
1831,418,83,2023-08-20,2024-07-23,0
1832,379,83,2023-08-09,2024-08-26,0
1833,216,83,2023-08-24,2024-04-16,0
1834,105,83,2023-08-15,2024-05-16,0
1835,232,83,2023-08-29,NULL,0
1836,240,83,2023-08-23,2024-09-12,0
1837,463,83,2023-08-04,2024-07-20,0
1838,291,83,2023-08-21,2024-07-20,0
1839,12,83,2023-08-31,2024-05-29,0
1840,194,83,2023-08-18,2024-09-03,0
1841,66,83,2023-08-19,2024-06-27,0
1842,306,83,2023-08-31,2024-09-30,0
1843,476,83,2023-08-16,2024-10-04,0
1844,56,83,2023-08-14,2024-05-28,0
1845,157,83,2023-08-27,2024-07-18,0
1846,402,83,2023-08-24,2024-06-24,0
1847,3,83,2023-08-12,2024-08-05,0
1848,260,83,2023-09-01,2024-04-13,0
1849,440,83,2023-08-28,2024-07-25,0
1850,355,83,2023-08-21,2024-05-09,0
1851,444,84,2021-09-09,2022-08-01,0
1852,358,84,2021-08-25,NULL,0
1853,399,84,2021-08-28,2022-09-13,0
1854,58,84,2021-08-16,2022-08-17,0
1855,332,84,2021-08-26,2022-05-14,0
1856,174,84,2021-09-04,2022-08-15,0
1857,112,84,2021-09-02,2022-07-06,0
1858,266,84,2021-09-01,2022-06-04,0
1859,368,84,2021-08-31,2022-09-26,0
1860,398,84,2021-08-21,2022-07-28,0
1861,132,84,2021-08-15,2022-10-16,0
1862,498,84,2021-08-26,2022-10-16,0
1863,479,84,2021-09-12,2022-05-31,0
1864,485,84,2021-09-05,NULL,0
1865,170,84,2021-08-27,2022-05-08,0
1866,418,84,2021-08-22,2022-06-15,0
1867,386,84,2021-08-15,2022-09-09,0
1868,232,84,2021-09-10,NULL,0
1869,8,84,2021-09-11,2022-08-28,0
1870,211,85,2019-09-04,2020-03-13,0
1871,230,85,2019-08-28,2020-06-05,0
1872,83,85,2019-08-23,2020-02-29,0
1873,138,85,2019-08-21,2020-05-30,0
1874,107,85,2019-09-03,2020-04-19,0
1875,261,85,2019-08-12,2020-02-12,0
1876,18,85,2019-08-19,2020-04-23,0
1877,241,85,2019-09-04,2020-05-18,0
1878,10,85,2019-09-02,2020-02-10,0
1879,32,85,2019-08-17,2020-05-30,0
1880,324,85,2019-08-27,2020-02-16,0
1881,345,85,2019-08-10,2020-04-03,0
1882,338,85,2019-08-24,2020-07-19,0
1883,375,85,2019-08-13,2020-07-26,0
1884,491,85,2019-08-16,2020-03-05,0
1885,198,85,2019-08-26,2020-05-31,0
1886,184,85,2019-09-06,2020-02-20,0
1887,371,85,2019-08-14,2020-03-30,0
1888,207,85,2019-08-09,2020-04-09,0
1889,440,85,2019-09-01,2020-05-25,0
1890,98,85,2019-09-07,NULL,0
1891,205,85,2019-08-28,NULL,0
1892,15,85,2019-08-17,2020-04-04,0
1893,3,85,2019-08-10,2020-07-27,0
1894,495,85,2019-09-02,2020-02-19,0
1895,301,86,2023-09-01,2024-08-27,0
1896,48,86,2023-08-19,2024-06-28,0
1897,490,86,2023-09-06,NULL,0
1898,180,86,2023-08-26,2024-11-17,0
1899,179,86,2023-08-24,NULL,0
1900,326,86,2023-09-05,2024-11-09,0
1901,374,86,2023-09-03,2024-07-11,0
1902,104,86,2023-08-20,2024-11-25,0
1903,369,86,2023-08-17,2024-12-11,0
1904,119,86,2023-09-04,2024-11-26,0
1905,313,86,2023-08-15,NULL,0
1906,229,86,2023-08-29,NULL,0
1907,248,86,2023-08-18,2024-09-10,0
1908,57,86,2023-09-08,2024-11-13,0
1909,128,86,2023-08-25,2024-11-27,0
1910,121,86,2023-08-16,2024-11-14,0
1911,495,86,2023-08-17,NULL,0
1912,198,86,2023-09-01,2024-07-18,0
1913,489,86,2023-08-30,2024-10-04,0
1914,98,86,2023-08-15,2024-07-07,0
1915,9,86,2023-09-07,2024-10-22,0
1916,230,86,2023-08-30,2024-09-21,0
1917,391,86,2023-09-02,2024-08-16,0
1918,174,86,2023-08-10,2024-10-08,0
1919,444,86,2023-08-16,NULL,0
1920,217,86,2023-09-04,2024-11-28,0
1921,452,86,2023-08-14,2024-10-28,0
1922,263,86,2023-08-14,NULL,0
1923,386,87,2022-08-17,2023-10-31,0
1924,11,87,2022-09-04,NULL,0
1925,113,87,2022-09-05,2023-08-03,0
1926,440,87,2022-08-31,2023-08-11,0
1927,379,87,2022-08-19,2023-08-19,0
1928,159,87,2022-08-30,2023-10-15,0
1929,160,87,2022-08-14,2023-08-09,0
1930,117,87,2022-08-14,2023-10-14,0
1931,104,87,2022-09-01,2023-09-13,0
1932,281,87,2022-08-28,2023-12-07,0
1933,31,87,2022-08-31,2023-10-29,0
1934,336,87,2022-09-04,NULL,0
1935,468,87,2022-08-26,2023-08-09,0
1936,420,87,2022-08-22,2023-11-04,0
1937,354,87,2022-08-18,2023-08-06,0
1938,366,87,2022-08-11,NULL,0
1939,374,87,2022-08-22,2023-10-03,0
1940,111,87,2022-08-24,NULL,0
1941,310,87,2022-08-13,NULL,0
1942,182,87,2022-08-28,2023-08-06,0
1943,257,87,2022-08-20,2023-09-01,0
1944,155,87,2022-08-25,2023-10-22,0
1945,93,87,2022-08-28,2023-11-30,0
1946,221,87,2022-08-22,2023-08-01,0
1947,115,88,2020-08-08,NULL,0
1948,84,88,2020-08-09,2021-09-04,0
1949,106,88,2020-08-12,2021-10-27,0
1950,2,88,2020-08-31,2021-08-18,0
1951,5,88,2020-08-09,2021-09-01,0
1952,303,88,2020-08-31,NULL,0
1953,462,88,2020-08-21,2021-10-22,0
1954,461,88,2020-09-01,2021-10-14,0
1955,241,88,2020-08-28,2021-08-26,0
1956,296,88,2020-08-11,2021-07-04,0
1957,260,88,2020-08-13,2021-10-18,0
1958,266,88,2020-08-06,2021-05-31,0
1959,256,88,2020-08-08,2021-08-08,0
1960,466,88,2020-08-20,2021-05-22,0
1961,478,88,2020-08-16,NULL,0
1962,249,88,2020-08-04,2021-08-19,0
1963,475,88,2020-08-24,2021-09-07,0
1964,180,88,2020-08-15,2021-08-07,0
1965,419,88,2020-08-14,2021-08-15,0
1966,369,88,2020-08-08,NULL,0
1967,32,88,2020-08-09,NULL,0
1968,261,88,2020-08-29,2021-07-29,0
1969,15,88,2020-08-06,2021-06-24,0
1970,64,88,2020-08-03,2021-10-27,0
1971,465,88,2020-08-23,2021-06-14,0
1972,357,88,2020-08-06,2021-05-26,0
1973,91,88,2020-08-30,2021-08-16,0
1974,112,88,2020-08-16,2021-07-14,0
1975,276,88,2020-08-09,2021-06-16,0
1976,154,88,2020-08-21,2021-06-05,0
1977,431,89,2021-08-23,2022-03-16,0
1978,157,89,2021-08-13,2022-07-11,0
1979,441,89,2021-08-10,2022-03-11,0
1980,96,89,2021-08-30,2022-03-10,0
1981,396,89,2021-08-10,2022-03-19,0
1982,496,89,2021-08-28,2022-03-10,0
1983,187,89,2021-08-19,2022-05-16,0
1984,162,89,2021-08-02,2022-06-03,0
1985,179,89,2021-08-12,2022-06-11,0
1986,52,89,2021-08-10,NULL,0
1987,169,89,2021-08-21,NULL,0
1988,227,89,2021-08-20,2022-06-13,0
1989,365,89,2021-08-12,2022-06-08,0
1990,390,89,2021-08-04,2022-04-03,0
1991,93,89,2021-08-31,2022-09-03,0
1992,146,89,2021-08-19,2022-04-13,0
1993,69,89,2021-08-31,2022-07-22,0
1994,265,89,2021-08-23,NULL,0
1995,74,89,2021-08-07,NULL,0
1996,336,89,2021-08-20,2022-08-31,0
1997,110,89,2021-08-10,NULL,0
1998,486,90,2020-09-11,2021-05-12,0
1999,137,90,2020-09-03,NULL,0
2000,1,90,2020-08-26,NULL,0
2001,467,90,2020-08-29,2021-08-12,0
2002,238,90,2020-09-09,2021-09-05,0
2003,9,90,2020-09-05,2021-06-02,0
2004,464,90,2020-08-19,NULL,0
2005,275,90,2020-08-21,2021-08-09,0
2006,26,90,2020-08-21,2021-07-12,0
2007,242,90,2020-08-15,2021-06-30,0
2008,317,90,2020-09-05,2021-10-07,0
2009,165,90,2020-08-28,NULL,0
2010,449,90,2020-08-22,2021-05-24,0
2011,361,90,2020-08-14,2021-08-23,0
2012,292,90,2020-09-10,2021-07-14,0
2013,453,90,2020-08-16,2021-09-14,0
2014,43,90,2020-08-19,NULL,0
2015,267,90,2020-09-10,2021-07-25,0
2016,306,90,2020-08-14,2021-07-26,0
2017,342,90,2020-08-23,2021-09-10,0
2018,60,90,2020-08-16,2021-06-18,0
2019,282,90,2020-09-05,2021-07-03,0
2020,217,90,2020-09-10,2021-07-16,0
2021,138,90,2020-08-20,2021-06-07,0
2022,97,90,2020-08-20,NULL,0
2023,387,90,2020-08-25,2021-07-09,0
2024,434,90,2020-08-31,2021-04-20,0
2025,374,90,2020-09-03,2021-09-04,0
2026,259,91,2023-08-25,2024-04-01,0
2027,283,91,2023-09-04,2024-07-17,0
2028,202,91,2023-09-07,2024-04-08,0
2029,247,91,2023-08-23,NULL,0
2030,460,91,2023-09-05,2024-06-14,0
2031,77,91,2023-08-24,2024-03-15,0
2032,352,91,2023-08-24,2024-04-25,0
2033,449,91,2023-09-07,NULL,0
2034,409,91,2023-08-29,2024-03-13,0
2035,405,91,2023-08-12,2024-03-17,0
2036,141,91,2023-08-17,2024-03-05,0
2037,54,91,2023-08-12,2024-04-29,0
2038,264,91,2023-08-30,NULL,0
2039,4,91,2023-08-18,NULL,0
2040,363,91,2023-09-03,NULL,0
2041,308,91,2023-08-22,2024-05-07,0
2042,201,91,2023-08-18,2024-04-18,0
2043,90,91,2023-08-15,2024-02-07,0
2044,187,91,2023-08-23,2024-04-01,0
2045,333,91,2023-08-17,NULL,0
2046,464,91,2023-08-17,NULL,0
2047,47,92,2023-08-29,2024-04-01,0
2048,89,92,2023-09-10,NULL,0
2049,241,92,2023-08-24,2024-07-08,0
2050,441,92,2023-09-09,2024-06-30,0
2051,30,92,2023-09-06,2024-05-19,0
2052,211,92,2023-09-01,2024-09-11,0
2053,347,92,2023-08-25,NULL,0
2054,109,92,2023-08-24,2024-09-12,0
2055,439,92,2023-08-19,2024-04-10,0
2056,92,92,2023-08-20,2024-09-01,0
2057,332,92,2023-09-01,2024-09-02,0
2058,377,92,2023-08-30,2024-04-18,0
2059,204,92,2023-09-10,2024-07-22,0
2060,99,92,2023-08-24,2024-07-27,0
2061,145,92,2023-09-06,2024-08-12,0
2062,148,92,2023-08-26,2024-09-12,0
2063,133,92,2023-08-21,2024-08-17,0
2064,10,92,2023-09-08,2024-08-31,0
2065,272,92,2023-08-22,2024-08-12,0
2066,62,92,2023-09-09,2024-04-04,0
2067,442,92,2023-08-22,NULL,0
2068,278,92,2023-08-19,2024-06-30,0
2069,323,92,2023-08-18,2024-06-27,0
2070,117,92,2023-08-27,NULL,0
2071,31,92,2023-08-19,NULL,0
2072,497,92,2023-08-29,2024-08-15,0
2073,266,92,2023-08-27,2024-09-01,0
